canonical	count	symbol	root	quality	pitch_names	root_qual	chord_size
"001100001000"	594	*	D	other	D other	D E- A-	3
"110100011100"	20	A-maj7/CaddA,D-	A-	major	A- major	C D- E- G A- A	6
"001010010100"	1989	*	E	minor	E minor	D E G A	4
"100010011100"	16	A-+M7/CaddA	A-	augmented	A- augmented	C E G A- A	5
"001110000100"	14	DpoweraddE,E-	D	other	D other	D E- E A	4
"001000000100"	26278	Dpower	D	other	D other	D A	2
"010101000001"	7	C#9	C#	major	C# major	C# D# E# B	4
"000101101010"	10	E-maddF,A-	E-	minor	E- minor	E- F G- A- B-	5
"100001000111"	7	F/CaddB-,B	F	major	F major	C F A B- B	5
"101101011000"	11	D/o11/C	D	diminished	D diminished	C D E- F G A-	6
"110001000100"	137	D-+M7/C	D-	augmented	D- augmented	C D- F A	4
"110010010000"	267	CaddC#	C	major	C major	C C# E G	4
"001101001010"	1499	B-7/DaddE-	B-	major	B- major	D E- F A- B-	5
"001010000000"	9459	*	E	other	E other	D E	2
"010011010100"	203	A7/C#addE#	A	other	A other	C# E E# G A	5
"000110001100"	25	*	A	other	A other	E- E G# A	4
"000000000011"	560	*	C-	other	C- other	B- C-	2
"010000000001"	3034	*	C#	other	C# other	C# B	2
"001101000110"	84	B-maj7/DaddE-	B-	major	B- major	D E- F A B-	5
"100011001000"	297	FmM7/C	F	minor	F minor	C E F A-	4
"101100110100"	124	Ao7/CaddG,D	A	diminished	A diminished	C D E- G- G A	6
"011011100001"	5	Bdim/C#addF#,E	B	other	B other	C# D E F F# B	6
"010001001101"	87	A+M9/C#	A	augmented	A augmented	C# E# G# A B	5
"100000111000"	37	*	A-	major	A- major	C G- G A-	4
"101000100110"	161	B-+M9/C	B-	augmented	B- augmented	C D F# A B-	5
"011000001010"	41	*	A#	minor	A# minor	C# D G# A#	4
"010001001011"	25	A#m7/C#addB	A#	minor	A# minor	C# E# G# A# B	5
"001000000011"	281	*	B-	major	B- major	D B- B	3
"101000101101"	9	Bm/CaddA,A-	B	minor	B minor	C D F# A- A B	6
"101000110101"	224	GM11/C	G	major	G major	C D F# G A B	6
"010000000010"	5294	*	A#	minor	A# minor	C# A#	2
"011010000101"	342	A/C#addD,B	A	major	A major	C# D E A B	5
"101010001100"	12	AmM7/CaddD	A	minor	A minor	C D E G# A	5
"010011001111"	5	AM9/C#addA#,E#	A	other	A other	C# E E# G# A A# B	7
"100011010110"	252	FM11/C	F	major	F major	C E F G A B-	6
"010000111000"	5	F#power/C#addG,G#	F#	other	F# other	C# F# G G#	4
"011001100101"	8	B/o9/C#addF#	B	other	B other	C# D F F# A B	6
"000000100101"	3283	Bpower/F#addA	B	other	B other	F# A B	3
"000110110101"	15	C-susaddG,A,E-	F-	other	F- other	E- F- G- G A C-	6
"100010010110"	944	Am7/CaddB-	A	minor	A minor	C E G A B-	5
"001110010000"	13	*	E-	major	E- major	D E- E G	4
"000010000000"	56696	Epedal	E	other	E other	E	1
"100010100100"	1293	F#/o7/C	F#	diminished	F# diminished	C E F# A	4
"000001010010"	4852	*	G	minor	G minor	F G B-	3
"000000110110"	37	GmM9/F#	G	minor	G minor	F# G A B-	4
"101100000110"	60	Adim/CaddB-,D	A	diminished	A diminished	C D E- A B-	5
"000101000110"	394	*	F	major	F major	E- F A B-	4
"100100011010"	175	A-M9/C	A-	major	A- major	C E- G A- B-	5
"101011011110"	6	C11addA,A-	C	major	C major	C D E F G A- A B-	8
"100101110100"	9	F7/CaddG,G-	F	major	F major	C E- F G- G A	6
"010100101001"	7	G#m7/C#	G#	minor	G# minor	C# D# F# G# B	5
"011001000010"	196	A#m/C#addC##	A#	other	A# other	C# C## E# A#	4
"000010011100"	69	Apower/EaddG,G#	A	other	A other	E G G# A	4
"001001110001"	168	G7/DaddF#	G	major	G major	D F F# G B	5
"000011001000"	357	*	E	major	E major	E E# G#	3
"100001100100"	235	F/CaddF#	F	major	F major	C F F# A	4
"000000101100"	427	*	F#	minor	F# minor	F# G# A	3
"010000100101"	413	F#m/C#addB	F#	minor	F# minor	C# F# A B	4
"100110010000"	176	CmaddE	C	other	C other	C E- E G	4
"001000101110"	5	DaddA#,G#	D	other	D other	D F# G# A A#	5
"000001011110"	5	*	G	minor	G minor	F G A- A B-	5
"101000110001"	128	Gmaj7/C	G	major	G major	C D F# G B	5
"101000001101"	18	*	B	minor	B minor	C D A- A B	5
"010010100011"	121	F#7/C#addB	F#	major	F# major	C# E F# A# B	5
"010010100000"	1612	F#power/C#addE	F#	other	F# other	C# E F#	3
"001011010100"	183	DmaddG,E	D	minor	D minor	D E F G A	5
"100100011001"	50	A-maj7/CaddB	A-	major	A- major	C E- G A- B	5
"011010001001"	564	C#m7addD	C#	minor	C# minor	C# D E G# B	5
"001000100100"	66871	D	D	major	D major	D F# A	3
"000101010001"	161	E-+addF	E-	augmented	E- augmented	E- F G B	4
"000100100011"	167	C-maj7	C-	major	C- major	E- G- B- C-	4
"101000100010"	134	B-+/C	B-	augmented	B- augmented	C D F# B-	4
"111010000100"	19	Am/CaddD-,D	A	minor	A minor	C D- D E A	5
"011001001100"	9	Ddim/C#addA	D	other	D other	C# D F A- A	5
"000000101010"	157	*	F#	major	F# major	F# G# A#	3
"000010010000"	33010	*	E	minor	E minor	E G	2
"100001001110"	8	Fm/CaddA,B-	F	other	F other	C F A- A B-	5
"001100110000"	61	*	E-	major	E- major	D E- F# G	4
"010010000110"	266	A/C#addA#	A	major	A major	C# E A A#	4
"100001101000"	42	Fm/CaddG-	F	minor	F minor	C F G- A-	4
"110010010110"	21	Go9/C	G	diminished	G diminished	C D- F- G A B-	6
"011110010001"	16	C#/ob9addD#	C#	diminished	C# diminished	C# D D# E G B	6
"110010000010"	86	*	A#	other	A# other	C C# E A#	4
"101011010001"	279	CM11	C	major	C major	C D E F G B	6
"001001000010"	52343	B-/D	B-	major	B- major	D F B-	3
"010100011010"	165	*	A#	minor	A# minor	C# D# G G# A#	5
"011001001111"	15	B-7/C#addA,B	B-	major	B- major	C# D F A- A B- B	7
"110011000000"	17	*	C	other	C other	C C# E E#	4
"001000100010"	2145	D+	D	augmented	D augmented	D F# A#	3
"000000101000"	1731	*	G#	other	G# other	F# G#	2
"011100010000"	41	*	C#	other	C# other	C# D E- G	4
"100110000100"	269	Adim/CaddE	A	other	A other	C E- E A	4
"101000010100"	1917	*	A	minor	A minor	C D G A	4
"101010000100"	1196	Am/CaddD	A	minor	A minor	C D E A	4
"101000001010"	190	B-9/C	B-	major	B- major	C D A- B-	4
"100001010110"	359	F/CaddG,B-	F	major	F major	C F G A B-	5
"001100011000"	71	*	E-	major	E- major	D E- G A-	4
"101100010000"	1300	CmaddD	C	minor	C minor	C D E- G	4
"101101000110"	232	B-M11/C	B-	major	B- major	C D E- F A B-	6
"100000000000"	69559	Cpedal	C	other	C other	C	1
"001001010110"	297	Gm9/D	G	minor	G minor	D F G A B-	5
"000001101001"	124	Fdim/C-addG-	F	diminished	F diminished	F G- A- C-	4
"101100010001"	81	CmM9	C	minor	C minor	C D E- G B	5
"001100100011"	5	E-mM7/DaddB	E-	other	E- other	D E- G- B- B	5
"101100110000"	30	CdimaddG,D	C	other	C other	C D E- G- G	5
"100000010010"	6848	CpoweraddB-	C	other	C other	C G B-	3
"100011001010"	12	FmM7/CaddB-	F	minor	F minor	C E F A- B-	5
"110010010001"	7	*	D-	minor	D- minor	C D- F- G C-	5
"101000000100"	9105	Dpower/C	D	other	D other	C D A	3
"001010100000"	2169	*	D	major	D major	D E F#	3
"000100100000"	5951	*	E-	minor	E- minor	E- G-	2
"010000010110"	187	*	A	major	A major	C# G A B-	4
"001001011101"	7	G7/DaddA,A-	G	major	G major	D F G A- A B	6
"111001010000"	5	*	D-	major	D- major	C D- D F G	5
"100000010110"	612	*	A	minor	A minor	C G A B-	4
"011011010100"	23	DmM11/C#	D	minor	D minor	C# D E F G A	6
"010110100000"	50	*	D#	minor	D# minor	C# D# E F#	4
"001001011011"	11	Gm7/DaddA-,B	G	other	G other	D F G A- B- B	6
"000000110101"	432	GM9/F#	G	major	G major	F# G A B	4
"101110010100"	9	A/o7/CaddE,D	A	other	A other	C D E- E G A	6
"001000010000"	26357	Gpower/D	G	other	G other	D G	2
"001010001000"	4053	*	E	major	E major	D E G#	3
"000111010010"	8	E-addF-,F	E-	major	E- major	E- F- F G B-	5
"010000001011"	12	*	A#	minor	A# minor	C# G# A# B	4
"010011010011"	17	A#ob9/C#addE#	A#	other	A# other	C# E E# G A# B	6
"101000001100"	33	*	D	other	D other	C D A- A	4
"010010010000"	7676	C#dim	C#	diminished	C# diminished	C# E G	3
"011001100100"	33	DmM7/C#addF#	D	other	D other	C# D F F# A	5
"011010000100"	1823	A/C#addD	A	major	A major	C# D E A	4
"000001000011"	91	B-power/C-	B-	other	B- other	F B- C-	3
"101001001100"	65	D/o7/CaddA	D	other	D other	C D F A- A	5
"011010000110"	17	A/C#addA#,D	A	major	A major	C# D E A A#	5
"100000000100"	33258	*	A	minor	A minor	C A	2
"000101011010"	328	E-addF,A-	E-	major	E- major	E- F G A- B-	5
"010000110101"	16	F#m/C#addG,B	F#	minor	F# minor	C# F# G A B	5
"000100000000"	32609	Ebpedal	E-	other	E- other	E-	1
"011010110000"	112	C#dimaddF#,D	C#	diminished	C# diminished	C# D E F# G	5
"001010110001"	307	Em9/D	E	minor	E minor	D E F# G B	5
"011011001100"	13	DmM9/C#addG#	D	minor	D minor	C# D E F G# A	6
"100001000010"	3480	CsusaddB-,omitG	B-	other	B- other	C F B-	3
"101100001000"	349	A-/CaddD	A-	major	A- major	C D E- A-	4
"001010000001"	6261	Epower/D	E	other	E other	D E B	3
"100001000011"	14	CsusaddB-,B,omitG	B-	other	B- other	C F B- B	4
"011100010001"	5	G/C#addD#	G	other	G other	C# D D# G B	5
"001001011000"	265	DdimaddG	D	diminished	D diminished	D F G A-	4
"001100010011"	13	E-maj7/DaddB	E-	other	E- other	D E- G B- B	5
"001101101001"	11	Do11/C-	D	diminished	D diminished	D E- F G- A- C-	6
"101000000010"	2401	*	B-	major	B- major	C D B-	3
"101101000010"	452	B-/CaddE-	B-	major	B- major	C D E- F B-	5
"010101011111"	15	C#9addA,A#,F##	C#	major	C# major	C# D# E# F## G# A A# B	8
"100010001010"	74	F-+/CaddB-	F-	augmented	F- augmented	C F- A- B-	4
"000001001001"	2886	Fdim/C-	F	diminished	F diminished	F A- C-	3
"001011011000"	7	DdimaddG,E	D	diminished	D diminished	D E F G A-	5
"011010101000"	20	C#maddF#,D	C#	minor	C# minor	C# D E F# G#	5
"010001100010"	181	F#maj7/C#	F#	major	F# major	C# E# F# A#	4
"111001011000"	5	D-maj7/CaddG,D	D-	major	D- major	C D- D F G A-	6
"101001000101"	194	B/ob9/C	B	diminished	B diminished	C D F A B	5
"000010001000"	12442	*	E	major	E major	E G#	2
"100010001001"	272	C+M7	C	augmented	C augmented	C E G# B	4
"001000010110"	1408	Gm/DaddA	G	minor	G minor	D G A B-	4
"000010110010"	84	*	E	other	E other	E G- G B-	4
"000100110001"	205	*	E-	other	E- other	E- G- G B	4
"000010000101"	3638	Esus	A	other	A other	E A B	3
"000000011000"	1509	*	A-	other	A- other	G A-	2
"000101010011"	6	E-addF,B	E-	other	E- other	E- F G B- B	5
"010001000000"	4020	*	C#	major	C# major	C# E#	2
"101101011001"	14	CmM11addA-	C	minor	C minor	C D E- F G A- B	7
"000000010111"	10	*	G	other	G other	G A B- B	4
"100011010000"	2177	CaddF	C	major	C major	C E F G	4
"110001101000"	6	D-maj7/CaddG-	D-	major	D- major	C D- F G- A-	5
"000100011001"	94	E-+addG#	E-	other	E- other	E- G G# B	4
"100000101000"	1089	*	A-	major	A- major	C G- A-	3
"010001100011"	26	F#maj7/C#addB	F#	major	F# major	C# E# F# A# B	5
"000100001101"	109	*	E-	other	E- other	E- G# A B	4
"110010000100"	191	Am/CaddC#	A	other	A other	C C# E A	4
"001000010010"	24074	Gm/D	G	minor	G minor	D G B-	3
"110011000010"	5	B-dim/CaddF	B-	other	B- other	C D- F- F B-	5
"100101011001"	7	Fm9/CaddB	F	minor	F minor	C E- F G A- B	6
"001001010000"	9119	Gpower/DaddF	G	other	G other	D F G	3
"000101000000"	6094	*	F	other	F other	E- F	2
"110100010100"	21	A/o7/CaddD-	A	diminished	A diminished	C D- E- G A	5
"110011000100"	11	*	D-	other	D- other	C D- F- F A	5
"000011010000"	1579	*	E	minor	E minor	E F G	3
"100011000001"	81	*	C	major	C major	C E F B	4
"101001001011"	7	B-9/CaddB	B-	major	B- major	C D F A- B- B	6
"001100110100"	10	*	E-	other	E- other	D E- G- G A	5
"001001010001"	17459	G7/D	G	major	G major	D F G B	4
"010001001010"	332	A#m7/C#	A#	minor	A# minor	C# E# G# A#	4
"000010010100"	8981	Apower/EaddG	A	other	A other	E G A	3
"001100010001"	305	E-+M7/D	E-	augmented	E- augmented	D E- G B	4
"010001100001"	67	*	C#	major	C# major	C# E# F# B	4
"011011000001"	11	Bdim/C#addE	B	diminished	B diminished	C# D E F B	5
"000100011110"	9	E-addA,A-	E-	major	E- major	E- G A- A B-	5
"011001100001"	17	Bdim/C#addF#	B	other	B other	C# D F F# B	5
"101001010001"	1560	G7/C	G	major	G major	C D F G B	5
"101001000010"	2428	B-/C	B-	major	B- major	C D F B-	4
"100000110100"	1260	F#dim/CaddG	F#	diminished	F# diminished	C F# G A	4
"100101100110"	16	F7/CaddB-,G-	F	major	F major	C E- F G- A B-	6
"010010110100"	902	F#m7/C#addG	F#	minor	F# minor	C# E F# G A	5
"000010101100"	114	F#m9/E	F#	minor	F# minor	E F# G# A	4
"000010010110"	323	EdimaddA	E	diminished	E diminished	E G A B-	4
"001110001101"	5	*	E-	other	E- other	D E- E G# A B	6
"101000000101"	587	*	B	minor	B minor	C D A B	4
"100100001000"	12259	A-/C	A-	major	A- major	C E- A-	3
"101000010001"	2120	G/C	G	major	G major	C D G B	4
"010001110010"	8	F#maj7/C#addG	F#	major	F# major	C# E# F# G A#	5
"001100000101"	22	*	B	other	B other	D D# A B	4
"100110100100"	236	Ao7/CaddE	A	other	A other	C E- E G- A	5
"110010010100"	148	*	D-	other	D- other	C D- F- G A	5
"010010000000"	17929	*	C#	minor	C# minor	C# E	2
"001000011011"	6	Gm/DaddB,A-	G	other	G other	D G A- B- B	5
"000000001100"	1826	*	A	other	A other	G# A	2
"101100011001"	5	A-maj7/CaddB,D	A-	major	A- major	C D E- G A- B	6
"001000000101"	5837	*	B	minor	B minor	D A B	3
"000011010110"	114	EdimaddA,F	E	diminished	E diminished	E F G A B-	5
"101000011000"	75	*	A-	major	A- major	C D G A-	4
"100010010010"	15631	C7	C	major	C major	C E G B-	4
"000001011010"	425	*	G	minor	G minor	F G A- B-	4
"100010101000"	34	C+addF#	C	augmented	C augmented	C E F# G#	4
"000010010011"	199	EdimaddB	E	other	E other	E G B- B	4
"111001010001"	6	Gdom7dim5/CaddD	G	other	G other	C D- D F G B	6
"000100101100"	72	A-power/E-addA,G-	A-	other	A- other	E- G- A- A	4
"111010100100"	10	*	D-	other	D- other	C D- D E F# A	6
"010101010000"	105	D#9/C#	D#	major	D# major	C# D# E# F##	4
"010000001001"	927	C#poweraddB	C#	other	C# other	C# G# B	3
"001011010101"	46	Em7/DaddA,F	E	minor	E minor	D E F G A B	6
"100000011001"	31	CpoweraddG#,B	C	other	C other	C G G# B	4
"011010101100"	21	DM9/C#addG#	D	major	D major	C# D E F# G# A	6
"101000101001"	5	Bm/CaddA-	B	minor	B minor	C D F# A- B	5
"010100000110"	19	*	D#	other	D# other	C# D# A A#	4
"101011000101"	29	B/o11/C	B	diminished	B diminished	C D E F A B	6
"010110001100"	6	Amaj7/C#addD#	A	major	A major	C# D# E G# A	5
"110000001000"	242	D-power/C	D-	other	D- other	C D- A-	3
"011010000000"	1597	*	C#	minor	C# minor	C# D E	3
"011000001100"	60	*	A	major	A major	C# D G# A	4
"100010000110"	605	Am/CaddB-	A	minor	A minor	C E A B-	4
"001000000000"	87161	Dpedal	D	other	D other	D	1
"100100100000"	2868	Cdim	C	diminished	C diminished	C E- G-	3
"101001001101"	24	Bob9/CaddA	B	diminished	B diminished	C D F A- A B	6
"111010000000"	7	*	C	major	C major	C C# D E	4
"001101010000"	512	E-M9/D	E-	major	E- major	D E- F G	4
"101001000011"	6	B-/CaddB	B-	major	B- major	C D F B- B	5
"011010110100"	266	DM11/C#	D	major	D major	C# D E F# G A	6
"000100110100"	120	*	F#	minor	F# minor	E- F# G A	4
"010011000100"	490	F+M7/C#	F	augmented	F augmented	C# E F A	4
"000100001001"	1788	A-m/C-	A-	minor	A- minor	E- A- C-	3
"000100100010"	2361	E-m	E-	minor	E- minor	E- G- B-	3
"001101010110"	10	E-M9/DaddA	E-	major	E- major	D E- F G A B-	6
"000001100000"	565	*	G-	other	G- other	F G-	2
"110100010110"	6	A/ob9/CaddD-	A	diminished	A diminished	C D- E- G A B-	6
"010011000000"	323	*	C#	other	C# other	C# E E#	3
"110100000000"	150	*	C	minor	C minor	C D- E-	3
"000110101100"	11	E-dimaddF-,A-	E-	diminished	E- diminished	E- F- G- A- B--	5
"100010010100"	4668	Am7/C	A	minor	A minor	C E G A	4
"010010000010"	2898	A#dim/C#	A#	diminished	A# diminished	C# E A#	3
"001000010011"	164	Gm/DaddB	G	other	G other	D G B- B	4
"000000000010"	48872	Bbpedal	B-	other	B- other	B-	1
"111000110100"	8	*	D-	other	D- other	C D- D F# G A	6
"011001001000"	102	C#addD	C#	major	C# major	C# D E# G#	4
"000101100101"	95	Fdom7dim5/C-addG-	F	other	F other	E- F G- A C-	5
"100001010100"	2537	F/CaddG	F	major	F major	C F G A	4
"000100000100"	5374	*	A	other	A other	E- A	2
"011001000110"	33	B-maj7/C#	B-	major	B- major	C# D F A B-	5
"001001110101"	9	G9/DaddF#	G	major	G major	D F F# G A B	6
"110000000010"	221	*	B-	minor	B- minor	C D- B-	3
"000000110100"	1542	*	F#	minor	F# minor	F# G A	3
"010100110110"	15	D#/o7/C#addG,A#	D#	other	D# other	C# D# F# G A A#	6
"100000010001"	2199	CpoweraddB	C	other	C other	C G B	3
"000000110000"	3447	*	G	other	G other	F# G	2
"101011010100"	78	Dm11/C	D	minor	D minor	C D E F G A	6
"110010001000"	30	D-mM7/C	D-	minor	D- minor	C D- F- A-	4
"001010000011"	21	*	E	other	E other	D E B- B	4
"101010000001"	433	CM9	C	major	C major	C D E B	4
"011010100011"	19	BmM11/C#	B	minor	B minor	C# D E F# A# B	6
"000100010010"	41394	E-	E-	major	E- major	E- G B-	3
"100110100001"	10	CdimaddC-,E	C	other	C other	C E- E G- C-	5
"110011010010"	28	Go7/CaddF	G	diminished	G diminished	C D- F- F G B-	6
"001010110101"	76	Em11/D	E	minor	E minor	D E F# G A B	6
"100000010100"	6376	*	A	minor	A minor	C G A	3
"000011100010"	17	*	F#	major	F# major	E E# F# A#	4
"101100100100"	485	Ao7/CaddD	A	diminished	A diminished	C D E- G- A	5
"000001101000"	168	*	F	minor	F minor	F G- A-	3
"001100001001"	164	G#dim/DaddD#	G#	other	G# other	D D# G# B	4
"110010000000"	189	*	C	major	C major	C C# E	3
"011000010101"	105	G/C#addA	G	major	G major	C# D G A B	5
"000101011001"	18	E-+addF,A-	E-	augmented	E- augmented	E- F G A- B	5
"101000110100"	1661	D7/CaddG	D	major	D major	C D F# G A	5
"100100100001"	198	CdimaddC-	C	diminished	C diminished	C E- G- C-	4
"000110100001"	321	C-addF-	C-	major	C- major	E- F- G- C-	4
"101001010010"	197	Gm7/C	G	minor	G minor	C D F G B-	5
"001000101010"	46	D+addG#	D	augmented	D augmented	D F# G# A#	4
"010110000001"	37	C#m9	C#	minor	C# minor	C# D# E B	4
"000000101101"	134	*	G#	minor	G# minor	F# G# A B	4
"010000001101"	191	AM9/C#	A	major	A major	C# G# A B	4
"101011000000"	483	Dm9/C	D	minor	D minor	C D E F	4
"110100001010"	43	A-/CaddB-,D-	A-	major	A- major	C D- E- A- B-	5
"010011100000"	6	F#power/C#addE#,E	F#	other	F# other	C# E E# F#	4
"101001010000"	2030	*	D	minor	D minor	C D F G	4
"110101010000"	5	CmaddF,D-	C	minor	C minor	C D- E- F G	5
"001010010110"	95	E/o7/DaddA	E	diminished	E diminished	D E G A B-	5
"000001011001"	149	*	G	major	G major	F G A- B	4
"001001000110"	2375	B-maj7/D	B-	major	B- major	D F A B-	4
"010000101100"	303	F#m/C#addG#	F#	minor	F# minor	C# F# G# A	4
"000010011001"	81	EmaddG#	E	other	E other	E G G# B	4
"011000110110"	5	GmM9/C#	G	minor	G minor	C# D F# G A B-	6
"100111000110"	7	F7/CaddB-,E	F	major	F major	C E- E F A B-	6
"100010100000"	1111	*	F#	other	F# other	C E F#	3
"101100001001"	6	A-/CaddD,B	A-	major	A- major	C D E- A- B	5
"100110001001"	5	A-/CaddE,B	A-	other	A- other	C E- E A- B	5
"100101001010"	140	Fm7/CaddB-	F	minor	F minor	C E- F A- B-	5
"111001010101"	20	Gdom7dim5/CaddA,D	G	other	G other	C D- D F G A B	7
"100010001000"	1722	C+	C	augmented	C augmented	C E G#	3
"010110000101"	6	A/C#addD#,B	A	major	A major	C# D# E A B	5
"000010001100"	1234	Apower/EaddG#	A	other	A other	E G# A	3
"101110110110"	8	Cm9addA,F#,E	C	other	C other	C D E- E F# G A B-	8
"001101110010"	6	E-mM9/DaddG	E-	other	E- other	D E- F G- G B-	6
"000011000101"	101	*	F	major	F major	E F A B	4
"110001000000"	391	*	D-	major	D- major	C D- F	3
"001000010100"	5209	Dsus	G	other	G other	D G A	3
"001101000101"	10	B/o7/DaddE-	B	diminished	B diminished	D E- F A B	5
"001000101101"	151	G#/ob9/D	G#	diminished	G# diminished	D F# G# A B	5
"010100110010"	52	D#m7/C#addG	D#	minor	D# minor	C# D# F# G A#	5
"011000010011"	22	Gm/C#addB	G	other	G other	C# D G B- B	5
"000000001010"	4129	*	A#	other	A# other	G# A#	2
"001100010110"	22	E-maj7/DaddA	E-	major	E- major	D E- G A B-	5
"001010001011"	14	Edom7dim5/DaddB	E	other	E other	D E G# B- B	5
"001000110110"	92	GmM9/D	G	minor	G minor	D F# G A B-	5
"001010101101"	116	E11/D	E	major	E major	D E F# G# A B	6
"000001000111"	16	B-power/FaddA,B	B-	other	B- other	F A B- B	4
"011000101000"	32	*	D	major	D major	C# D F# G#	4
"001110000001"	39	Epower/DaddD#	E	other	E other	D D# E B	4
"100011100101"	5	Fmaj7/CaddF#,B	F	major	F major	C E F F# A B	6
"000111000010"	8	E-poweraddF-,F	E-	other	E- other	E- F- F B-	4
"010010001100"	1117	Amaj7/C#	A	major	A major	C# E G# A	4
"000000100100"	25427	*	F#	minor	F# minor	F# A	2
"000100001010"	1430	E-sus	A-	other	A- other	E- A- B-	3
"010001001100"	106	A+M7/C#	A	augmented	A augmented	C# E# G# A	4
"101011001001"	8	Bob9/CaddE	B	diminished	B diminished	C D E F A- B	6
"011001101000"	6	*	D	other	D other	C# D F F# G#	5
"100100000111"	5	Adim/CaddB-,B	A	diminished	A diminished	C E- A B- B	5
"000010110000"	1060	*	E	minor	E minor	E F# G	3
"001100010100"	66	*	E-	major	E- major	D E- G A	4
"110011001000"	5	D-mM7/CaddF	D-	other	D- other	C D- F- F A-	5
"100101000000"	6797	Fpower/CaddE-	F	other	F other	C E- F	3
"011010000010"	149	A#dim/C#addD	A#	diminished	A# diminished	C# D E A#	4
"010110010010"	108	A#o7/C#addD#	A#	diminished	A# diminished	C# D# E G A#	5
"011001010100"	22	DmM7/C#addG	D	minor	D minor	C# D F G A	5
"000001001101"	67	*	G#	minor	G# minor	F G# A B	4
"100010000101"	998	Am/CaddB	A	minor	A minor	C E A B	4
"100111100100"	10	F7/CaddG-,E	F	major	F major	C E- E F G- A	6
"011000101100"	16	Dmaj7/C#addG#	D	major	D major	C# D F# G# A	5
"011001000101"	13	B/o9/C#	B	diminished	B diminished	C# D F A B	5
"000001011100"	16	*	F	other	F other	F G A- A	4
"001000110010"	470	GmM7/D	G	minor	G minor	D F# G B-	4
"100100110010"	27	C/o7addG	C	other	C other	C E- G- G B-	5
"010110001001"	10	C#m9	C#	minor	C# minor	C# D# E G# B	5
"100111010000"	9	CmaddF,E	C	other	C other	C E- E F G	5
"100100101010"	30	A-9/C	A-	major	A- major	C E- G- A- B-	5
"011000100001"	580	Bm/C#	B	minor	B minor	C# D F# B	4
"000000100011"	214	Bpower/F#addA#	B	other	B other	F# A# B	3
"011000001000"	193	C#poweraddD	C#	other	C# other	C# D G#	3
"101001000000"	5562	*	D	minor	D minor	C D F	3
"001001101100"	15	DdimaddA,F#	D	other	D other	D F F# A- A	5
"011000000000"	2987	*	D	other	D other	C# D	2
"100111001000"	20	Fm7/CaddE	F	minor	F minor	C E- E F A-	5
"000000110010"	424	*	G	minor	G minor	F# G B-	3
"010001011000"	119	*	C#	other	C# other	C# E# G G#	4
"101010000101"	146	Am/CaddD,B	A	minor	A minor	C D E A B	5
"110010011000"	6	D-mM7/CaddG	D-	minor	D- minor	C D- F- G A-	5
"001101001000"	908	DdimaddE-	D	diminished	D diminished	D E- F A-	4
"100011100010"	19	*	C	major	C major	C E F F# B-	5
"110100011000"	21	A-maj7/CaddD-	A-	major	A- major	C D- E- G A-	5
"100010000001"	2137	*	C	major	C major	C E B	3
"101101001001"	6	Bo11/C	B	diminished	B diminished	C D E- F A- B	6
"011000000010"	383	*	D	other	D other	C# D A#	3
"101101010100"	15	Dm7/CaddG,E-	D	minor	D minor	C D E- F G A	6
"010110001010"	5	A#/o7/C#addD#	A#	diminished	A# diminished	C# D# E G# A#	5
"001000001110"	39	*	B-	major	B- major	D A- A B-	4
"001101001001"	128	Bo7/DaddE-	B	diminished	B diminished	D E- F A- B	5
"111000001101"	6	*	B	other	B other	C D- D A- A B	6
"100010000100"	19443	Am/C	A	minor	A minor	C E A	3
"001000011001"	382	G/DaddG#	G	major	G major	D G G# B	4
"101001000110"	529	B-M9/C	B-	major	B- major	C D F A B-	5
"010000110001"	86	*	G	major	G major	C# F# G B	4
"010001000010"	3886	A#m/C#	A#	minor	A# minor	C# E# A#	3
"110100001100"	93	A-/CaddA,D-	A-	major	A- major	C D- E- A- A	5
"000110101000"	63	F-M9/E-	F-	major	F- major	E- F- G- A-	4
"011010000001"	454	*	C#	minor	C# minor	C# D E B	4
"101010010001"	514	CM9	C	major	C major	C D E G B	5
"001001100000"	227	*	D	other	D other	D F F#	3
"100011100000"	13	Fpower/CaddF#,E	F	other	F other	C E F F#	4
"001001101101"	29	Bo7/DaddA,F#	B	other	B other	D F F# A- A B	6
"101100010010"	229	Cm9	C	minor	C minor	C D E- G B-	5
"010100000001"	231	*	B	major	B major	C# D# B	3
"100100001001"	111	A-/C-addC-	A-	other	A- other	C E- A- C-	4
"001010000110"	91	*	B-	major	B- major	D E A B-	4
"100001100001"	5	*	B	other	B other	C F F# B	4
"010010010011"	111	A#ob9/C#	A#	diminished	A# diminished	C# E G A# B	5
"100101100010"	22	C/o7addF	C	diminished	C diminished	C E- F G- B-	5
"010110010100"	55	A7/C#addD#	A	major	A major	C# D# E G A	5
"001100010010"	2164	E-maj7/D	E-	major	E- major	D E- G B-	4
"000111001001"	8	F-maj7/C-addF	F-	major	F- major	E- F- F A- C-	5
"011011001000"	9	C#maddF,D	C#	minor	C# minor	C# D E F G#	5
"001101011000"	56	DdimaddG,E-	D	diminished	D diminished	D E- F G A-	5
"101000001001"	139	G#dim/C	G#	diminished	G# diminished	C D G# B	4
"111001000000"	9	*	D-	major	D- major	C D- D F	4
"010010001001"	881	C#m7	C#	minor	C# minor	C# E G# B	4
"101000010110"	209	Gm/CaddA	G	minor	G minor	C D G A B-	5
"010110000010"	25	A#dim/C#addD#	A#	diminished	A# diminished	C# D# E A#	4
"001000011000"	294	Gpower/DaddA-	G	other	G other	D G A-	3
"100000010011"	48	CpoweraddB-,B	C	other	C other	C G B- B	4
"010010000100"	48832	A/C#	A	major	A major	C# E A	3
"000100010001"	2129	E-+	E-	augmented	E- augmented	E- G B	3
"010110110100"	9	D#/ob9/C#addG	D#	diminished	D# diminished	C# D# E F# G A	6
"001010001010"	136	Edom7dim5/D	E	other	E other	D E G# B-	4
"000010001001"	20344	E	E	major	E major	E G# B	3
"000100001000"	4827	A-power/E-	A-	other	A- other	E- A-	2
"000110001010"	6	*	F-	major	F- major	E- F- A- B-	4
"001001010100"	1404	DmaddG	D	minor	D minor	D F G A	4
"000100100110"	233	E-maddA	E-	minor	E- minor	E- G- A B-	4
"011011010000"	40	C#dimaddF,D	C#	diminished	C# diminished	C# D E F G	5
"100101010110"	110	F11/C	F	major	F major	C E- F G A B-	6
"000111010000"	10	*	E-	major	E- major	E- E F G	4
"110000011010"	7	Gdim/CaddA-	G	diminished	G diminished	C D- G A- B-	5
"101011010110"	10	C13	C	major	C major	C D E F G A B-	7
"000001010011"	16	*	G	other	G other	F G B- B	4
"010000001010"	631	*	A#	minor	A# minor	C# G# A#	3
"100001010001"	535	*	G	major	G major	C F G B	4
"110001000110"	9	B-mM9/C	B-	minor	B- minor	C D- F A B-	5
"101001001110"	9	B-9/CaddA	B-	major	B- major	C D F A- A B-	6
"101010110101"	14	CM9addA,F#	C	major	C major	C D E F# G A B	7
"011011010001"	15	C#/ob9addF	C#	diminished	C# diminished	C# D E F G B	6
"010110010000"	25	*	C#	other	C# other	C# E- E G	4
"001011010000"	597	*	E	minor	E minor	D E F G	4
"110000001010"	46	B-m9/C	B-	minor	B- minor	C D- A- B-	4
"100010100001"	85	*	C	major	C major	C E F# B	4
"000100101000"	702	A-power/E-addG-	A-	other	A- other	E- G- A-	3
"011000001001"	171	G#dim/C#	G#	diminished	G# diminished	C# D G# B	4
"011010100010"	49	D+M9/C#	D	augmented	D augmented	C# D E F# A#	5
"100000000110"	1584	*	A	minor	A minor	C A B-	3
"001001100110"	9	B-maj7/DaddF#	B-	other	B- other	D F F# A B-	5
"101001001001"	406	Bob9/C	B	diminished	B diminished	C D F A- B	5
"001011000000"	1159	*	D	minor	D minor	D E F	3
"100010110000"	655	CaddF#	C	major	C major	C E F# G	4
"000110010100"	32	*	A	other	A other	E- E G A	4
"110010100100"	19	G-m7/C	G-	minor	G- minor	C D- F- G- B--	5
"100110100010"	7	C/o7addE	C	other	C other	C E- E G- B-	5
"100101001100"	71	Fm7/CaddA	F	other	F other	C E- F A- A	5
"100101101000"	32	Fm7/CaddG-	F	minor	F minor	C E- F G- A-	5
"010000000011"	151	*	A#	minor	A# minor	C# A# B	3
"000100010100"	1231	*	A	other	A other	E- G A	3
"010000110000"	279	F#power/C#addG	F#	other	F# other	C# F# G	3
"001000001001"	6379	G#dim/D	G#	diminished	G# diminished	D G# B	3
"100100000010"	4458	*	C	minor	C minor	C E- B-	3
"100100110001"	14	CdimaddG,B	C	other	C other	C E- G- G B	5
"001000000111"	15	*	B-	major	B- major	D A B- B	4
"100000000111"	7	*	A	minor	A minor	C A B- B	4
"011010100100"	499	DM9/C#	D	major	D major	C# D E F# A	5
"000101100001"	88	C-addF	C-	major	C- major	E- F G- C-	4
"001100110010"	60	E-mM7/DaddG	E-	other	E- other	D E- G- G B-	5
"100010010011"	112	C7addB	C	major	C major	C E G B- B	5
"000011000100"	2164	*	F	major	F major	E F A	3
"011100100100"	19	Dmaj7/C#addD#	D	major	D major	C# D D# F# A	5
"011010100101"	49	Bm11/C#	B	minor	B minor	C# D E F# A B	6
"000110010001"	250	E-+addE	E-	augmented	E- augmented	E- E G B	4
"101000000111"	6	B-M9/CaddB,omitF	B-	major	B- major	C D A B- B	5
"100100000000"	19793	*	C	minor	C minor	C E-	2
"011100000100"	8	Dpower/C#addD#	D	other	D other	C# D D# A	4
"011001010000"	37	*	D	minor	D minor	C# D F G	4
"001001000001"	7213	Bdim/D	B	diminished	B diminished	D F B	3
"000110001101"	17	F-maj7/C-addA	F-	other	F- other	E- F- A- A C-	5
"000101010100"	328	F9/E-	F	major	F major	E- F G A	4
"100000100000"	5070	*	F#	other	F# other	C F#	2
"101000110010"	14	GmM7/C	G	minor	G minor	C D F# G B-	5
"101000111000"	12	Ddom7dim5/CaddG	D	other	D other	C D F# G A-	5
"100110001000"	89	F-+M7/C	F-	augmented	F- augmented	C E- F- A-	4
"001001010111"	9	Gm9/DaddB	G	other	G other	D F G A B- B	6
"001110000000"	34	*	E-	other	E- other	D E- E	3
"011010010101"	146	A11/C#	A	major	A major	C# D E G A B	6
"100000000001"	3635	*	C	other	C other	C B	2
"011001000100"	463	DmM7/C#	D	minor	D minor	C# D F A	4
"100000000010"	7810	*	C	other	C other	C B-	2
"111101101101"	8	CdimaddD,B,F,A,D-,A-	C	diminished	C diminished	C D- D E- F G- A- A B	9
"111000100100"	236	*	D-	other	D- other	C D- D F# A	5
"010100001010"	198	*	A#	minor	A# minor	C# D# G# A#	4
"001011000001"	268	Bdim/DaddE	B	diminished	B diminished	D E F B	4
"010100000000"	1581	*	D#	other	D# other	C# D#	2
"010001011101"	27	A9#5/C#addG#	A	augmented	A augmented	C# E# G G# A B	6
"100011010010"	1334	C7addF	C	major	C major	C E F G B-	5
"011011001101"	7	C#m7addA,F,D	C#	minor	C# minor	C# D E F G# A B	7
"011010001010"	17	A#/o7/C#addD	A#	diminished	A# diminished	C# D E G# A#	5
"000001010000"	9470	*	G	other	G other	F G	2
"000001010100"	2481	*	F	major	F major	F G A	3
"000101000111"	9	*	F	major	F major	E- F A B- B	5
"001001101000"	44	DdimaddF#	D	other	D other	D F F# A-	4
"100011010011"	27	C7addF,B	C	major	C major	C E F G B- B	6
"001011100000"	9	*	D	other	D other	D E F F#	4
"000011100100"	19	*	F	major	F major	E F F# A	4
"011001001010"	28	B-7/C#	B-	major	B- major	C# D F A- B-	5
"101000010000"	4916	Csus2	C	other	C other	C D G	3
"000110000101"	212	*	A	other	A other	E- E A B	4
"000101100000"	183	*	E-	minor	E- minor	E- F G-	3
"100110101000"	13	A-7/CaddE	A-	other	A- other	C E- E G- A-	5
"000101001010"	1128	*	F	minor	F minor	E- F A- B-	4
"010000010010"	3190	*	A#	minor	A# minor	C# G A#	3
"000010110001"	886	EmaddF#	E	minor	E minor	E F# G B	4
"001110001000"	21	*	E	major	E major	D D# E G#	4
"001010100001"	774	Bm/DaddE	B	minor	B minor	D E F# B	4
"000100100111"	19	*	A	other	A other	E- G- A B- C-	5
"100000100101"	260	F#dim/CaddB	F#	diminished	F# diminished	C F# A B	4
"000001110001"	26	*	G	major	G major	F F# G B	4
"001000000001"	30732	*	B	minor	B minor	D B	2
"001101011010"	176	E-M11/D	E-	major	E- major	D E- F G A- B-	6
"110100010000"	116	CmaddD-	C	minor	C minor	C D- E- G	4
"000010000110"	313	Apower/EaddB-	A	other	A other	E A B-	3
"010110100001"	28	B/C#addE	B	major	B major	C# D# E F# B	5
"000101100100"	87	*	F	major	F major	E- F G- A	4
"010001011001"	15	C#dom7dim5addG#	C#	other	C# other	C# E# G G# B	5
"111001010100"	9	D-+M7/CaddG,D	D-	augmented	D- augmented	C D- D F G A	6
"000011100101"	10	*	F	major	F major	E F F# A B	5
"110001000010"	190	B-m/C	B-	minor	B- minor	C D- F B-	4
"110000001100"	9	*	A-	other	A- other	C C# A- A	4
"001000001010"	4113	*	B-	major	B- major	D A- B-	3
"001101011001"	11	E-+M11/D	E-	augmented	E- augmented	D E- F G A- B	6
"000000001110"	35	*	A	other	A other	G# A A#	3
"101010001101"	29	AmM11/C	A	minor	A minor	C D E G# A B	6
"001010100100"	2990	DaddE	D	major	D major	D E F# A	4
"001001010010"	3866	Gm7/D	G	minor	G minor	D F G B-	4
"011010101101"	41	C#m7addA,F#,D	C#	minor	C# minor	C# D E F# G# A B	7
"101011011100"	14	D/o9/CaddG,A	D	other	D other	C D E F G A- A	7
"100011000010"	516	*	C	major	C major	C E F B-	4
"011010101001"	17	C#m7addF#,D	C#	minor	C# minor	C# D E F# G# B	6
"100000101001"	22	*	A-	other	A- other	C G- A- C-	4
"010011100011"	8	F#7/C#addE#,B	F#	major	F# major	C# E E# F# A# B	6
"110100101000"	37	A-7/CaddD-	A-	major	A- major	C D- E- G- A-	5
"001101000011"	9	B-/DaddE-,B	B-	major	B- major	D E- F B- B	5
"001010010101"	472	Em7/DaddA	E	minor	E minor	D E G A B	5
"100110100000"	70	CdimaddE	C	other	C other	C E- E G-	4
"001100001010"	389	*	B-	major	B- major	D E- A- B-	4
"000110000000"	987	*	F-	other	F- other	E- F-	2
"010011000001"	29	*	C#	other	C# other	C# E E# B	4
"011010110001"	20	C#/o11	C#	diminished	C# diminished	C# D E F# G B	6
"111000010100"	21	*	A	minor	A minor	C D- D G A	5
"100000110101"	88	F#dim/CaddG,B	F#	diminished	F# diminished	C F# G A B	5
"000101010110"	61	E-addA,F	E-	major	E- major	E- F G A B-	5
"101010010110"	34	Am7/CaddB-,D	A	minor	A minor	C D E G A B-	6
"000110001000"	434	*	F-	major	F- major	E- F- A-	3
"100010000011"	38	*	C	major	C major	C E B- B	4
"010010001101"	275	AM9/C#	A	major	A major	C# E G# A B	5
"001011000100"	1423	DmaddE	D	minor	D minor	D E F A	4
"101000101100"	54	Ddom7dim5/CaddA	D	other	D other	C D F# A- A	5
"110001001111"	7	B-m9/C-addA,C-	B-	minor	B- minor	C D- F A- A B- C-	7
"100000001110"	10	*	A-	major	A- major	C A- A B-	4
"000001000000"	56164	Fpedal	F	other	F other	F	1
"100101000001"	40	Fpower/C-addC-,E-	F	other	F other	C E- F C-	4
"110011011101"	7	GN6/CaddA,F-,F	G	other	G other	C D- F- F G A- A B	8
"000100101001"	331	A-m7/C-	A-	minor	A- minor	E- G- A- C-	4
"001000100001"	13504	Bm/D	B	minor	B minor	D F# B	3
"101100100001"	12	CdimaddD,B	C	diminished	C diminished	C D E- G- B	5
"010001101101"	14	F#mM11/C#	F#	minor	F# minor	C# E# F# G# A B	6
"011010000011"	19	A#dim/C#addD,B	A#	diminished	A# diminished	C# D E A# B	5
"010100000011"	11	BM9/C#	B	major	B major	C# D# A# B	4
"100111000010"	15	*	C	other	C other	C E- E F B-	5
"001010001101"	960	E7/DaddA	E	major	E major	D E G# A B	5
"001100100100"	369	DaddD#	D	major	D major	D D# F# A	4
"001010001001"	12413	E7/D	E	major	E major	D E G# B	4
"000100011100"	5	A-power/E-addG,A	A-	other	A- other	E- G A- A	4
"000000001001"	10068	*	G#	minor	G# minor	G# B	2
"000100011000"	1060	A-power/E-addG	A-	other	A- other	E- G A-	3
"101010000000"	2253	*	C	major	C major	C D E	3
"010011000101"	38	A/C#addE#,B	A	other	A other	C# E E# A B	5
"011010010110"	48	A7/C#addB-,D	A	major	A major	C# D E G A B-	6
"010010100100"	2200	F#m7/C#	F#	minor	F# minor	C# E F# A	4
"101001010011"	5	Gm7/CaddB	G	other	G other	C D F G B- B	6
"000100010101"	127	E-+addA	E-	augmented	E- augmented	E- G A B	4
"001000100011"	188	BmM7/D	B	minor	B minor	D F# A# B	4
"111000100000"	46	*	D	major	D major	C C# D F#	4
"010001011111"	9	A9#5/C#addA#,G#	A	augmented	A augmented	C# E# G G# A A# B	7
"001000011101"	7	G/DaddA,A-	G	major	G major	D G A- A B	5
"110010000101"	8	*	D-	other	D- other	C D- F- A C-	5
"010101000000"	238	*	C#	major	C# major	C# D# E#	3
"100011000110"	147	Fmaj7/CaddB-	F	major	F major	C E F A B-	5
"000110000100"	388	*	A	other	A other	E- E A	3
"111000000010"	10	*	B-	other	B- other	C D- D B-	4
"011100010100"	10	*	A	major	A major	C# D D# G A	5
"100010110100"	190	F#/ob9/C	F#	diminished	F# diminished	C E F# G A	5
"011010001000"	441	C#maddD	C#	minor	C# minor	C# D E G#	4
"100000000101"	1245	*	A	minor	A minor	C A B	3
"010100011000"	83	*	C#	other	C# other	C# D# G G#	4
"001001011010"	839	Gm7/DaddA-	G	minor	G minor	D F G A- B-	5
"101100000011"	7	Cm9addB,omitG	C	minor	C minor	C D E- B- B	5
"101010110100"	136	D11/C	D	major	D major	C D E F# G A	6
"000011100000"	36	*	F	other	F other	E F F#	3
"101101010110"	7	Cm13	C	minor	C minor	C D E- F G A B-	7
"100110000101"	11	Adim/CaddE,B	A	other	A other	C E- E A B	5
"001111000000"	5	*	D	minor	D minor	D E- E F	4
"100010010101"	418	Am9/C	A	minor	A minor	C E G A B	5
"001100010000"	2337	*	E-	major	E- major	D E- G	3
"101000100100"	19712	D7/C	D	major	D major	C D F# A	4
"100110010010"	68	Cm7addE	C	other	C other	C E- E G B-	5
"101001000100"	4062	Dm7/C	D	minor	D minor	C D F A	4
"001100100001"	75	Bm/DaddD#	B	other	B other	D D# F# B	4
"010000110010"	189	F#/C#addG	F#	major	F# major	C# F# G A#	4
"011100000010"	18	*	D	other	D other	C# D D# A#	4
"000101110001"	7	*	E-	other	E- other	E- F G- G B	5
"000101101001"	12	F/ob9/C-	F	diminished	F diminished	E- F G- A- C-	5
"100000110000"	838	*	F#	other	F# other	C F# G	3
"110110010010"	5	Cm7addF-,D-	C	minor	C minor	C D- E- F- G B-	6
"000000010001"	36741	*	G	major	G major	G B	2
"000011110001"	24	EmaddF,F#	E	minor	E minor	E F F# G B	5
"101100010100"	83	A/o7/CaddD	A	diminished	A diminished	C D E- G A	5
"000011101100"	6	*	F	major	F major	E F F# G# A	5
"000010100110"	15	*	F#	other	F# other	E F# A A#	4
"110010010010"	387	Go7/C	G	diminished	G diminished	C D- F- G B-	5
"010110100100"	40	D#/ob9/C#	D#	diminished	D# diminished	C# D# E F# A	5
"010100010001"	52	G+/C#	G	augmented	G augmented	C# D# G B	4
"000001101101"	7	Fdim/C-addA,G-	F	other	F other	F G- A- A C-	5
"001011011001"	17	Em7/DaddF,A-	E	minor	E minor	D E F G A- B	6
"111000010001"	12	*	G	other	G other	C D- D G B	5
"010110000100"	233	A/C#addD#	A	major	A major	C# D# E A	4
"010010110101"	28	F#m7/C#addG,B	F#	minor	F# minor	C# E F# G A B	6
"000010100100"	3746	*	F#	minor	F# minor	E F# A	3
"101101011010"	6	Cm11addA-	C	minor	C minor	C D E- F G A- B-	7
"100000100001"	328	Bpower/C	B	other	B other	C F# B	3
"000101001100"	19	*	F	other	F other	E- F A- A	4
"001000111001"	5	Gmaj7/DaddG#	G	major	G major	D F# G G# B	5
"100010110001"	26	Cmaj7addF#	C	major	C major	C E F# G B	5
"010010110010"	129	F#7/C#addG	F#	major	F# major	C# E F# G A#	5
"110000110000"	6	*	F#	other	F# other	C C# F# G	4
"010010001011"	25	A#/ob9/C#	A#	diminished	A# diminished	C# E G# A# B	5
"000001001100"	316	*	F	other	F other	F A- A	3
"010101011101"	5	C#9addA,F##	C#	major	C# major	C# D# E# F## G# A B	7
"100001000000"	19590	Fpower/C	F	other	F other	C F	2
"110010001100"	13	D-mM7/CaddA	D-	other	D- other	C D- F- A- A	5
"100000100110"	105	F#dim/CaddA#	F#	other	F# other	C F# A A#	4
"001010011010"	13	E/o7/DaddG#	E	other	E other	D E G G# B-	5
"101001011000"	81	D/o7/CaddG	D	diminished	D diminished	C D F G A-	5
"011010010001"	175	C#/ob9	C#	diminished	C# diminished	C# D E G B	5
"000111000000"	29	*	F	other	F other	E- E F	3
"010001100000"	184	F#power/C#addE#	F#	other	F# other	C# E# F#	3
"001101000100"	669	DmaddE-	D	minor	D minor	D E- F A	4
"000100001100"	111	A-power/E-addA	A-	other	A- other	E- A- A	3
"101010001001"	116	C+M9	C	augmented	C augmented	C D E G# B	5
"110000011000"	20	*	A-	major	A- major	C D- G A-	4
"101000010101"	525	G/CaddA	G	major	G major	C D G A B	5
"010001011100"	5	A7+/C#addG#	A	augmented	A augmented	C# E# G G# A	5
"000010100001"	2163	Esus2	E	other	E other	E F# B	3
"001111011000"	6	DdimaddG,E,E-	D	diminished	D diminished	D E- E F G A-	6
"010000011010"	115	*	A#	minor	A# minor	C# G G# A#	4
"001001110010"	24	Gm7/DaddF#	G	minor	G minor	D F F# G B-	5
"001000001000"	5924	*	G#	other	G# other	D G#	2
"001000110011"	42	GmM7/DaddB	G	other	G other	D F# G B- B	5
"001000101000"	930	*	G#	other	G# other	D F# G#	3
"100101011010"	35	Fm11/C	F	minor	F minor	C E- F G A- B-	6
"010011110001"	6	C#/o7addE#,F#	C#	other	C# other	C# E E# F# G B	6
"000000010000"	79988	Gpedal	G	other	G other	G	1
"000000001000"	20567	G#pedal	G#	other	G# other	G#	1
"010101100100"	15	D#/o9/C#	D#	diminished	D# diminished	C# D# E# F# A	5
"001110001001"	66	*	E-	other	E- other	D E- E G# B	5
"000010000111"	10	EsusaddA#	A	other	A other	E A A# B	4
"000000000110"	3366	*	B-	other	B- other	A B-	2
"100010010000"	57662	C	C	major	C major	C E G	3
"101110000100"	7	Adim/CaddE,D	A	other	A other	C D E- E A	5
"101000011101"	5	G/CaddA,A-	G	major	G major	C D G A- A B	6
"100001001010"	891	Fm/CaddB-	F	minor	F minor	C F A- B-	4
"010011010110"	10	A7/C#addA#,E#	A	other	A other	C# E E# G A A#	6
"000000110011"	23	*	G	major	G major	F# G A# B	4
"000001100110"	9	*	F	other	F other	F F# A A#	4
"001000001101"	968	G#dim/DaddA	G#	diminished	G# diminished	D G# A B	4
"101000110000"	583	*	D	major	D major	C D F# G	4
"101000110110"	36	GmM11/C	G	minor	G minor	C D F# G A B-	6
"010000000110"	489	*	A	major	A major	C# A A#	3
"101001001010"	639	B-9/C	B-	major	B- major	C D F A- B-	5
"010101100000"	20	D#m9/C#	D#	minor	D# minor	C# D# E# F#	4
"000100000010"	11321	E-power	E-	other	E- other	E- B-	2
"000010110011"	14	EdimaddF#,B	E	other	E other	E F# G B- B	5
"110010100010"	6	G-7/C	G-	major	G- major	C D- F- G- B-	5
"100101100001"	6	CdimaddF,C-	C	diminished	C diminished	C E- F G- C-	5
"000000101001"	1129	*	G#	minor	G# minor	F# G# B	3
"010000100001"	1170	C#susaddB,omitG#	B	other	B other	C# F# B	3
"001001001000"	5909	Ddim	D	diminished	D diminished	D F A-	3
"010010011010"	45	A#o7/C#addG#	A#	diminished	A# diminished	C# E G G# A#	5
"011010010011"	14	C#ob9addB	C#	diminished	C# diminished	C# D E G B- B	6
"101101010000"	199	CmaddF,D	C	minor	C minor	C D E- F G	5
"001100000000"	2751	*	E-	other	E- other	D E-	2
"001011010010"	229	E/ob9/D	E	diminished	E diminished	D E F G B-	5
"110000101000"	25	*	A-	major	A- major	C D- G- A-	4
"011000110101"	19	*	G	major	G major	C# D F# G A B	6
"100001110000"	10	CsusaddF#	F	other	F other	C F F# G	4
"101100100101"	13	Ao9/CaddD	A	diminished	A diminished	C D E- G- A B	6
"000010010010"	7253	Edim	E	diminished	E diminished	E G B-	3
"110001001101"	23	D-maj7/C-addA,C-	D-	other	D- other	C D- F A- A C-	6
"100101000110"	1296	F7/CaddB-	F	major	F major	C E- F A B-	5
"100110010100"	26	A/o7/CaddE	A	other	A other	C E- E G A	5
"001001100100"	286	DmaddF#	D	other	D other	D F F# A	4
"100101100000"	87	CdimaddF	C	diminished	C diminished	C E- F G-	4
"010001000100"	1802	F+/C#	F	augmented	F augmented	C# F A	3
"111001101101"	38	*	B	other	B other	C D- D F F# A- A B	8
"010100001001"	62	G#m/C#	G#	minor	G# minor	C# D# G# B	4
"101010100000"	322	D9/C	D	major	D major	C D E F#	4
"000111010101"	5	E-+addA,F-,F	E-	augmented	E- augmented	E- F- F G A B	6
"011000000011"	37	BmM9/C#	B	minor	B minor	C# D A# B	4
"000100010110"	612	E-addA	E-	major	E- major	E- G A B-	4
"110011010000"	7	*	D-	other	D- other	C D- F- F G	5
"100101001001"	16	Fm7/C-addC-	F	other	F other	C E- F A- C-	5
"110000000000"	580	*	D-	other	D- other	C D-	2
"101010000010"	239	C9	C	major	C major	C D E B-	4
"101001000001"	1342	Bdim/C	B	diminished	B diminished	C D F B	4
"001001001110"	145	B-7/DaddA	B-	major	B- major	D F A- A B-	5
"101101001000"	184	D/ob9/C	D	diminished	D diminished	C D E- F A-	5
"100101000101"	58	F7/CaddB	F	major	F major	C E- F A B	5
"100011000100"	2200	Fmaj7/C	F	major	F major	C E F A	4
"100100010100"	1752	A/o7/C	A	diminished	A diminished	C E- G A	4
"011000110010"	14	D+M7/C#addG	D	augmented	D augmented	C# D F# G A#	5
"101001011010"	14	Gm7/CaddA-	G	minor	G minor	C D F G A- B-	6
"010010010010"	6925	A#o7/C#	A#	diminished	A# diminished	C# E G A#	4
"111001001100"	8	D-maj7/CaddA,D	D-	other	D- other	C D- D F A- A	6
"010011011010"	10	A#o7/C#addE#,G#	A#	other	A# other	C# E E# G G# A#	6
"111010010100"	11	Am7/CaddD-,D	A	minor	A minor	C D- D E G A	6
"001010010001"	4536	Em7/D	E	minor	E minor	D E G B	4
"110100100010"	5	C/ob9	C	diminished	C diminished	C D- E- G- B-	5
"100000100010"	278	*	C	other	C other	C G- B-	3
"011000101101"	17	G#/o11/C#	G#	diminished	G# diminished	C# D F# G# A B	6
"010011100100"	14	F#m7/C#addE#	F#	minor	F# minor	C# E E# F# A	5
"110100000010"	82	*	C	minor	C minor	C D- E- B-	4
"000000100010"	4024	*	F#	major	F# major	F# A#	2
"100001110010"	6	*	G-	major	G- major	C F G- G B-	5
"110010010101"	6	*	G	other	G other	C D- F- G A B	6
"110000100010"	18	G-/C	G-	major	G- major	C D- G- B-	4
"001100000110"	71	*	B-	major	B- major	D E- A B-	4
"010000101001"	185	*	G#	minor	G# minor	C# F# G# B	4
"010100100010"	185	D#m7/C#	D#	minor	D# minor	C# D# F# A#	4
"101101100100"	9	Dm7/CaddG-,E-	D	minor	D minor	C D E- F G- A	6
"010110001000"	105	C#maddD#	C#	minor	C# minor	C# D# E G#	4
"011001001101"	23	Bo9/C#addA	B	diminished	B diminished	C# D F A- A B	6
"001100011010"	47	E-maj7/DaddA-	E-	major	E- major	D E- G A- B-	5
"001000001100"	740	*	G#	other	G# other	D G# A	3
"000100110000"	463	*	E-	other	E- other	E- G- G	3
"011010110101"	28	C#/o11addA	C#	diminished	C# diminished	C# D E F# G A B	7
"010000001100"	950	*	A	major	A major	C# G# A	3
"010001010100"	117	F+/C#addG	F	augmented	F augmented	C# F G A	4
"100001000001"	779	*	B	other	B other	C F B	3
"000100101101"	243	A-m7/C-addA	A-	minor	A- minor	E- G- A- A C-	5
"011001101101"	10	G#ob9/C#addF#	G#	diminished	G# diminished	C# D F F# G# A B	7
"101001010100"	242	Dm7/CaddG	D	minor	D minor	C D F G A	5
"100110010001"	37	CmM7addE	C	other	C other	C E- E G B	5
"001011100101"	7	B/o7/DaddF#,E	B	other	B other	D E F F# A B	6
"001011100100"	20	DmaddF#,E	D	other	D other	D E F F# A	5
"100100100010"	315	C/o7	C	diminished	C diminished	C E- G- B-	4
"001011011010"	10	E/ob9/DaddA-	E	diminished	E diminished	D E F G A- B-	6
"101100101000"	98	A-7/CaddD	A-	major	A- major	C D E- G- A-	5
"100001100010"	18	*	G-	major	G- major	C F G- B-	4
"100000001010"	829	*	A-	major	A- major	C A- B-	3
"010000100011"	132	F#/C#addB	F#	major	F# major	C# F# A# B	4
"000001110100"	8	*	F	major	F major	F F# G A	4
"000101001000"	2390	*	F	minor	F minor	E- F A-	3
"000000110001"	2088	*	G	major	G major	F# G B	3
"000000011001"	307	*	G	major	G major	G G# B	3
"000100011010"	1170	E-addA-	E-	major	E- major	E- G A- B-	4
"011100100101"	6	Bm9/C#addD#	B	other	B other	C# D D# F# A B	6
"001000011010"	476	Gm/DaddA-	G	minor	G minor	D G A- B-	4
"111000000000"	41	*	D	other	D other	C C# D	3
"000001001011"	40	Fdim/C-addB-	F	diminished	F diminished	F A- B- C-	4
"010101101001"	5	C#11	C#	major	C# major	C# D# E# F# G# B	6
"010100100101"	108	B9/C#	B	major	B major	C# D# F# A B	5
"001011001010"	56	B-7/DaddE	B-	major	B- major	D E F A- B-	5
"000000010010"	27459	*	G	minor	G minor	G B-	2
"010000011000"	111	*	C#	other	C# other	C# G G#	3
"010110100010"	34	D#m7/C#addE	D#	minor	D# minor	C# D# E F# A#	5
"000110101001"	76	F-M9/C-	F-	major	F- major	E- F- G- A- C-	5
"100110110001"	10	CdimaddG,E,B	C	other	C other	C E- E G- G B	6
"101010010000"	2973	CaddD	C	major	C major	C D E G	4
"010010001000"	3685	C#m	C#	minor	C# minor	C# E G#	3
"111100010000"	6	CmaddD-,D	C	minor	C minor	C D- D E- G	5
"010010101001"	15	C#m7addF#	C#	minor	C# minor	C# E F# G# B	5
"000001100101"	45	*	B	other	B other	F F# A B	4
"011001010010"	36	Gm7/C#	G	minor	G minor	C# D F G B-	5
"001011000010"	523	B-/DaddE	B-	major	B- major	D E F B-	4
"101101010001"	39	CmM11	C	minor	C minor	C D E- F G B	6
"111000000100"	71	Dpower/CaddC#	D	other	D other	C C# D A	4
"011010001100"	70	Amaj7/C#addD	A	major	A major	C# D E G# A	5
"000001100010"	264	*	G-	major	G- major	F G- B-	3
"000000100110"	232	*	F#	other	F# other	F# A A#	3
"010100100110"	5	D#/o7/C#addA#	D#	other	D# other	C# D# F# A A#	5
"000100110101"	102	*	E-	other	E- other	E- G- G A B	5
"001100000001"	209	*	B	other	B other	D D# B	3
"000000101011"	9	G#m9/F#	G#	minor	G# minor	F# G# A# B	4
"001010110100"	688	DaddG,E	D	major	D major	D E F# G A	5
"000000011101"	13	*	G	major	G major	G G# A B	4
"000101001111"	5	F/o7/C-addA,B-	F	other	F other	E- F A- A B- C-	6
"011011000101"	6	B/o9/C#addE	B	diminished	B diminished	C# D E F A B	6
"001000000110"	2534	*	B-	major	B- major	D A B-	3
"100110000001"	29	*	C	other	C other	C E- E B	4
"100010110110"	20	F#/ob9/CaddB-	F#	diminished	F# diminished	C E F# G A B-	6
"000011011010"	11	EdimaddF,A-	E	diminished	E diminished	E F G A- B-	5
"100010000010"	4862	*	C	major	C major	C E B-	3
"100011011010"	13	FmM11/C	F	minor	F minor	C E F G A- B-	6
"011000000001"	811	*	B	minor	B minor	C# D B	3
"000010101000"	584	*	E	major	E major	E F# G#	3
"101000100000"	6320	*	D	major	D major	C D F#	3
"110110000000"	5	*	C	other	C other	C C# E- E	4
"011000000100"	2112	Dpower/C#	D	other	D other	C# D A	3
"101101010010"	34	Cm11	C	minor	C minor	C D E- F G B-	6
"000100000110"	706	*	A	other	A other	E- A B-	3
"010101001010"	27	A#m7/C#addD#	A#	minor	A# minor	C# D# E# G# A#	5
"010000010000"	5179	*	C#	other	C# other	C# G	2
"110001000001"	6	*	D-	major	D- major	C D- F C-	4
"001001011001"	536	G7/DaddA-	G	major	G major	D F G A- B	5
"001001110100"	12	DmaddG,F#	D	other	D other	D F F# G A	5
"011001000011"	5	B-/C#addB	B-	major	B- major	C# D F B- B	5
"000011001010"	27	*	A#	other	A# other	E E# G# A#	4
"110100001000"	215	A-/CaddD-	A-	major	A- major	C D- E- A-	4
"101000010011"	6	Gm/CaddB	G	other	G other	C D G B- B	5
"100000000011"	68	*	C	other	C other	C B- B	3
"010001100101"	26	F#mM7/C#addB	F#	minor	F# minor	C# E# F# A B	5
"010001001111"	7	A+M9/C#addA#	A	augmented	A augmented	C# E# G# A A# B	6
"001010100101"	167	Bm7/DaddE	B	minor	B minor	D E F# A B	5
"100110110000"	38	CdimaddG,E	C	other	C other	C E- E G- G	5
"100100010110"	264	A/ob9/C	A	diminished	A diminished	C E- G A B-	5
"010101001001"	19	C#9	C#	major	C# major	C# D# E# G# B	5
"010010011100"	104	A7/C#addG#	A	major	A major	C# E G G# A	5
"000101100010"	107	E-maddF	E-	minor	E- minor	E- F G- B-	4
"000010000011"	191	*	A#	other	A# other	E A# B	3
"001011010110"	18	E/o11/D	E	diminished	E diminished	D E F G A B-	6
"101001010101"	122	G11/C	G	major	G major	C D F G A B	6
"010000001110"	9	*	A	major	A major	C# G# A A#	4
"101100011010"	13	A-M9/CaddD	A-	major	A- major	C D E- G A- B-	6
"011000000110"	59	Dpower/C#addA#	D	other	D other	C# D A A#	4
"001010010010"	1645	E/o7/D	E	diminished	E diminished	D E G B-	4
"001000100110"	334	B-+M7/D	B-	augmented	B- augmented	D F# A B-	4
"001001001010"	14666	B-7/D	B-	major	B- major	D F A- B-	4
"000101000011"	14	*	C-	major	C- major	E- F B- C-	4
"001011100001"	13	Bdim/DaddF#,E	B	other	B other	D E F F# B	5
"110001001000"	449	D-maj7/C	D-	major	D- major	C D- F A-	4
"100100101001"	20	A-7/C-addC-	A-	other	A- other	C E- G- A- C-	5
"001001101010"	22	B-7/DaddF#	B-	other	B- other	D F F# A- B-	5
"010100101000"	84	*	D#	minor	D# minor	C# D# F# G#	4
"010000010101"	232	A9/C#	A	major	A major	C# G A B	4
"110001001010"	35	B-m9/C	B-	minor	B- minor	C D- F A- B-	5
"100000010101"	463	Am9/C	A	minor	A minor	C G A B	4
"000000100000"	30811	F#pedal	F#	other	F# other	F#	1
"101011100000"	5	Dm9/CaddF#,omitA	D	other	D other	C D E F F#	5
"100000110010"	61	*	C	other	C other	C G- G B-	4
"001000110000"	2313	Gpower/DaddF#	G	other	G other	D F# G	3
"100100011100"	39	A-maj7/CaddA	A-	major	A- major	C E- G A- A	5
"011100000000"	27	*	D	other	D other	C# D D#	3
"101000001110"	9	B-9/CaddA,omitF	B-	major	B- major	C D A- A B-	5
"000110100101"	292	C-7addF-	C-	major	C- major	E- F- G- B-- C-	5
"000011001001"	271	EaddE#	E	major	E major	E E# G# B	4
"110000000001"	13	*	C	other	C other	C C# B	3
"000100001011"	48	A-m/C-addB-	A-	minor	A- minor	E- A- B- C-	4
"011001100000"	16	*	D	major	D major	C# D E# F#	4
"101000000000"	10902	*	D	other	D other	C D	2
"010000100000"	4309	F#power/C#	F#	other	F# other	C# F#	2
"101000001000"	735	*	D	other	D other	C D A-	3
"011011010110"	8	C#o11addA	C#	diminished	C# diminished	C# D E F G A B-	7
"010001101100"	24	F#mM9/C#	F#	minor	F# minor	C# E# F# G# A	5
"010100001100"	10	*	A	major	A major	C# D# G# A	4
"110000100100"	151	F#dim/CaddC#	F#	other	F# other	C C# F# A	4
"000110000001"	534	F-power/C-addE-	F-	other	F- other	E- F- C-	3
"011000010110"	44	Gm/C#addA	G	minor	G minor	C# D G A B-	5
"010100000010"	1347	D#power/C#	D#	other	D# other	C# D# A#	3
"010010101101"	12	F#m11/C#	F#	minor	F# minor	C# E F# G# A B	6
"001011101101"	5	E7/DaddA,F,F#	E	major	E major	D E F F# G# A B	7
"000010001011"	58	EaddA#	E	major	E major	E G# A# B	4
"100101000100"	16446	F7/C	F	major	F major	C E- F A	4
"100101010010"	173	Cm7addF	C	minor	C minor	C E- F G B-	5
"010100110000"	38	*	D#	minor	D# minor	C# D# F# G	4
"010010010110"	455	A7/C#addB-	A	major	A major	C# E G A B-	5
"010011010010"	217	A#o7/C#addE#	A#	other	A# other	C# E E# G A#	5
"000100010000"	28393	*	E-	major	E- major	E- G	2
"101001001000"	1454	D/o7/C	D	diminished	D diminished	C D F A-	4
"001101001011"	15	B-7/DaddE-,B	B-	major	B- major	D E- F A- B- B	6
"001010110000"	468	Em9/D	E	minor	E minor	D E F# G	4
"010001000011"	37	A#m/C#addB	A#	minor	A# minor	C# E# A# B	4
"001001100001"	258	Bdim/DaddF#	B	other	B other	D F F# B	4
"010110110011"	17	C#/o13	C#	diminished	C# diminished	C# D# E F# G A# B	7
"000100100100"	4568	*	F#	minor	F# minor	E- F# A	3
"010110101000"	11	C#maddF#,D#	C#	minor	C# minor	C# D# E F# G#	5
"101101001010"	125	B-11/C	B-	major	B- major	C D E- F A- B-	6
"010101000100"	68	A+/C#addD#	A	augmented	A augmented	C# D# E# A	4
"000010001010"	326	*	A#	other	A# other	E G# A#	3
"000110110010"	6	E-maddG,F-	E-	other	E- other	E- F- G- G B-	5
"000101110010"	27	E-maddG,F	E-	other	E- other	E- F G- G B-	5
"010110100011"	7	BM11/C#	B	major	B major	C# D# E F# A# B	6
"000001110101"	9	*	G-	other	G- other	F G- G A B	5
"001000100101"	4002	Bm7/D	B	minor	B minor	D F# A B	4
"100100000110"	1096	Adim/CaddB-	A	diminished	A diminished	C E- A B-	4
"100010001100"	245	AmM7/C	A	minor	A minor	C E G# A	4
"011001001001"	124	Bo9/C#	B	diminished	B diminished	C# D F A- B	5
"010100100100"	321	D#/o7/C#	D#	diminished	D# diminished	C# D# F# A	4
"100101100101"	5	F7/C-addG-,C-	F	other	F other	C E- F G- A C-	6
"000000010101"	2591	*	G	major	G major	G A B	3
"001010100010"	105	D+addE	D	augmented	D augmented	D E F# A#	4
"000101011000"	334	Fm9/E-	F	minor	F minor	E- F G A-	4
"001001110000"	104	Gpower/DaddF,F#	G	other	G other	D F F# G	4
"000110010010"	79	E-addE	E-	major	E- major	E- E G B-	4
"000100100001"	7192	C-	C-	major	C- major	E- G- C-	3
"001010101000"	174	E9/D	E	major	E major	D E F# G#	4
"101000000001"	1550	*	B	minor	B minor	C D B	3
"001100000100"	383	DpoweraddE-	D	other	D other	D E- A	3
"011001011101"	14	G7/C#addA,A-	G	major	G major	C# D F G A- A B	7
"111000010101"	71	*	G	other	G other	C D- D G A B	6
"001010101001"	347	E9/D	E	major	E major	D E F# G# B	5
"000000000001"	41291	Bpedal	B	other	B other	B	1
"101100101001"	10	A-7/CaddB,D	A-	major	A- major	C D E- G- A- B	6
"010000011100"	24	*	A	major	A major	C# G G# A	4
"100010011110"	7	A-+M9/CaddA	A-	augmented	A- augmented	C E G A- A B-	6
"100011000000"	2103	Fpower/CaddE	F	other	F other	C E F	3
"000000000111"	10	*	B-	other	B- other	A B- B	3
"100001011100"	14	Fm/CaddG,A	F	other	F other	C F G A- A	5
"000011000000"	3392	*	F	other	F other	E F	2
"001100100101"	16	*	E-	other	E- other	D E- G- A B	5
"110101000100"	21	D-+M9/C	D-	augmented	D- augmented	C D- E- F A	5
"001000011110"	6	Gm/DaddA,A-	G	minor	G minor	D G A- A B-	5
"100001001000"	11341	Fm/C	F	minor	F minor	C F A-	3
"000000001011"	95	*	G#	minor	G# minor	G# A# B	3
"010101011000"	14	C#addF##,D#	C#	major	C# major	C# D# E# F## G#	5
"011001011111"	44	Gm7/C#addA,A-,B	G	other	G other	C# D F G A- A B- B	8
"101000100001"	582	Bm/C	B	minor	B minor	C D F# B	4
"001001100011"	12	B-/DaddF#,B	B-	other	B- other	D F F# B- B	5
"000001001000"	11849	*	F	minor	F minor	F A-	2
"101000010010"	1330	Gm/C	G	minor	G minor	C D G B-	4
"000000000101"	7289	*	B	other	B other	A B	2
"100101001000"	2164	Fm7/C	F	minor	F minor	C E- F A-	4
"101000100101"	970	Bm7/C	B	minor	B minor	C D F# A B	5
"001100000010"	1807	E-power/D	E-	other	E- other	D E- B-	3
"011101011111"	10	A+11/C#addA#,G#,D#	A	augmented	A augmented	C# D D# E# G G# A A# B	9
"011010010000"	1333	C#dimaddD	C#	diminished	C# diminished	C# D E G	4
"100001010101"	90	F/CaddG,B	F	major	F major	C F G A B	5
"000001000110"	1992	B-power/FaddA	B-	other	B- other	F A B-	3
"101011000100"	266	Dm9/C	D	minor	D minor	C D E F A	5
"011010001101"	155	AM11/C#	A	major	A major	C# D E G# A B	6
"101100010110"	11	A/o11/C	A	diminished	A diminished	C D E- G A B-	6
"010100011110"	15	*	A	major	A major	C# D# G G# A A#	6
"000001010101"	304	G9/F	G	major	G major	F G A B	4
"001101010010"	494	E-M9/D	E-	major	E- major	D E- F G B-	5
"100100010000"	22056	Cm	C	minor	C minor	C E- G	3
"000110100000"	355	*	E-	minor	E- minor	E- F- G-	3
"100101110000"	8	CdimaddG,F	C	other	C other	C E- F G- G	5
"100010000111"	11	Am/CaddB-,B	A	minor	A minor	C E A B- B	5
"000000000100"	77417	Apedal	A	other	A other	A	1
"001001001011"	221	B-7/DaddB	B-	major	B- major	D F A- B- B	5
"010001010010"	551	F##/o7/C#	F##	diminished	F## diminished	C# E# F## A#	4
"011001100010"	6	*	D	other	D other	C# D F F# A#	5
"010010100010"	2302	F#7/C#	F#	major	F# major	C# E F# A#	4
"100110000010"	36	*	C	other	C other	C E- E B-	4
"000000011100"	30	*	A	other	A other	G G# A	3
"001100100010"	105	E-mM7/D	E-	minor	E- minor	D E- G- B-	4
"001101000000"	1283	*	D	minor	D minor	D E- F	3
"010010001010"	161	A#/o7/C#	A#	diminished	A# diminished	C# E G# A#	4
"011011011111"	5	C#o11addA,G#,B	C#	other	C# other	C# D E F G G# A B- B	9
"100000010000"	23822	Cpower	C	other	C other	C G	2
"100000001001"	322	*	A-	other	A- other	C A- C-	3
"101011100100"	17	Dm9/CaddF#	D	other	D other	C D E F F# A	6
"110001001001"	18	D-maj7/C-addC-	D-	major	D- major	C D- F A- C-	5
"100000001100"	323	*	A-	major	A- major	C A- A	3
"011000100110"	6	Dmaj7/C#addA#	D	other	D other	C# D F# A A#	5
"001010000010"	1167	*	E	other	E other	D E B-	3
"100111000100"	131	F7/CaddE	F	major	F major	C E- E F A	5
"000110110100"	14	*	F-	other	F- other	E- F- G- G A	5
"001100010111"	5	E-maj7/DaddA,B	E-	other	E- other	D E- G A B- B	6
"000100110010"	192	E-maddG	E-	other	E- other	E- G- G B-	4
"011000110001"	24	Gmaj7/C#	G	major	G major	C# D F# G B	5
"010100010011"	16	G+/C#addA#	G	augmented	G augmented	C# D# G A# B	5
"010100100001"	216	B/C#	B	major	B major	C# D# F# B	4
"010010011000"	61	C#dimaddG#	C#	other	C# other	C# E G G#	4
"101000000011"	16	*	B-	major	B- major	C D B- B	4
"100100000011"	24	*	C	minor	C minor	C E- B- C-	4
"000001100100"	260	*	F	major	F major	F F# A	3
"011000010000"	919	*	C#	other	C# other	C# D G	3
"010100101100"	9	D#/o7/C#addG#	D#	diminished	D# diminished	C# D# F# G# A	5
"010101010100"	5	D#dom7dim5/C#addE#	D#	other	D# other	C# D# E# F## A	5
"111000010010"	14	Gdim/CaddD	G	other	G other	C D- D G B-	5
"001010101100"	57	DaddG#,E	D	major	D major	D E F# G# A	5
"101010000110"	9	Am/CaddB-,D	A	minor	A minor	C D E A B-	5
"000101010010"	2026	E-addF	E-	major	E- major	E- F G B-	4
"001111000010"	6	B-/DaddE,E-	B-	major	B- major	D E- E F B-	5
"101001100110"	7	B-M9/CaddF#	B-	other	B- other	C D F F# A B-	6
"001000110001"	2420	Gmaj7/D	G	major	G major	D F# G B	4
"010001001001"	1531	C#7	C#	major	C# major	C# E# G# B	4
"011000100000"	1903	*	D	major	D major	C# D F#	3
"010011010101"	14	A9/C#addE#	A	other	A other	C# E E# G A B	6
"000010011101"	5	EmaddA,G#	E	other	E other	E G G# A B	5
"101000101000"	152	Ddom7dim5/C	D	other	D other	C D F# A-	4
"000000010100"	10722	*	A	other	A other	G A	2
"000010010101"	1276	EmaddA	E	minor	E minor	E G A B	4
"100100010011"	10	Cm7addB	C	minor	C minor	C E- G B- B	5
"100011001100"	21	FmM7/CaddA	F	other	F other	C E F A- A	5
"100010000000"	36129	*	C	major	C major	C E	2
"100101010000"	1392	CmaddF	C	minor	C minor	C E- F G	4
"100100100100"	7072	F#o7/C	F#	diminished	F# diminished	C E- F# A	4
"010010011101"	6	A9/C#addG#	A	major	A major	C# E G G# A B	6
"010011001101"	7	AM9/C#addE#	A	other	A other	C# E E# G# A B	6
"010110100101"	11	B11/C#	B	major	B major	C# D# E F# A B	6
"100001000110"	1550	F/CaddB-	F	major	F major	C F A B-	4
"010101001000"	172	C#addD#	C#	major	C# major	C# D# E# G#	4
"101011001000"	16	D/o9/C	D	diminished	D diminished	C D E F A-	5
"010010100101"	60	F#m7/C#addB	F#	minor	F# minor	C# E F# A B	5
"010100110100"	7	D#/o7/C#addG	D#	diminished	D# diminished	C# D# F# G A	5
"000100010011"	75	E-addB	E-	other	E- other	E- G B- B	4
"110110001000"	5	D-mM9/C	D-	minor	D- minor	C D- E- F- A-	5
"010011010001"	38	C#/o7addE#	C#	other	C# other	C# E E# G B	5
"101101000101"	12	B/ob9/CaddE-	B	diminished	B diminished	C D E- F A B	6
"010010101000"	129	C#maddF#	C#	minor	C# minor	C# E F# G#	4
"000110001001"	389	F-maj7/C-	F-	major	F- major	E- F- A- C-	4
"000010101101"	120	EaddA,F#	E	major	E major	E F# G# A B	5
"010000110110"	6	F#m/C#addG,A#	F#	other	F# other	C# F# G A A#	5
"000011011000"	36	*	E	other	E other	E E# G G#	4
"100010100010"	109	F#dom7dim5/C	F#	other	F# other	C E F# A#	4
"000110110001"	59	C-addG,F-	C-	other	C- other	E- F- G- G C-	5
"110000000101"	16	*	A	other	A other	C C# A B	4
"010100000100"	517	*	D#	other	D# other	C# D# A	3
"001000000010"	35704	*	B-	major	B- major	D B-	2
"001100101010"	11	E-mM7/DaddA-	E-	minor	E- minor	D E- G- A- B-	5
"111010010010"	6	C7addD-,D	C	major	C major	C D- D E G B-	6
"000000111000"	11	*	G	other	G other	F# G G#	3
"100000100100"	7682	F#dim/C	F#	diminished	F# diminished	C F# A	3
"100010010111"	14	Am7/CaddB-,B	A	minor	A minor	C E G A B- B	6
"000010100101"	718	*	F#	minor	F# minor	E F# A B	4
"011011010010"	30	C#o11	C#	diminished	C# diminished	C# D E F G B-	6
"001000101100"	482	DaddG#	D	major	D major	D F# G# A	4
"000111100001"	10	C-addF-,F	C-	major	C- major	E- F- F G- C-	5
"010100010110"	49	*	A	major	A major	C# D# G A A#	5
"011000100011"	38	BmM9/C#	B	minor	B minor	C# D F# A# B	5
"001001001100"	561	DdimaddA	D	other	D other	D F A- A	4
"010000101000"	645	C#sus	F#	other	F# other	C# F# G#	3
"001000110101"	543	GM9/D	G	major	G major	D F# G A B	5
"001001011110"	10	Gm7/DaddA,A-	G	minor	G minor	D F G A- A B-	6
"010110000000"	258	*	C#	minor	C# minor	C# D# E	3
"001001000011"	145	B-/DaddB	B-	major	B- major	D F B- B	4
"100100111000"	24	A-7/CaddG	A-	major	A- major	C E- G- G A-	5
"101001011011"	8	Gm7/CaddA-,B	G	other	G other	C D F G A- B- B	7
"110100100100"	128	Ao7/CaddD-	A	diminished	A diminished	C D- E- G- A	5
"001011000101"	46	B/o7/DaddE	B	diminished	B diminished	D E F A B	5
"001000101001"	846	G#/o7/D	G#	diminished	G# diminished	D F# G# B	4
"101010110000"	113	CaddF#,D	C	major	C major	C D E F# G	5
"000110010101"	19	E-+addA,F-	E-	augmented	E- augmented	E- F- G A B	5
"010010110110"	5	F#m7/C#addG,A#	F#	other	F# other	C# E F# G A A#	6
"100010110010"	94	C7addF#	C	major	C major	C E F# G B-	5
"000011010010"	1294	EdimaddF	E	diminished	E diminished	E F G B-	4
"010010101100"	109	F#m9/C#	F#	minor	F# minor	C# E F# G# A	5
"100101010100"	708	F9/C	F	major	F major	C E- F G A	5
"000001000010"	16638	B-power/F	B-	other	B- other	F B-	2
"001001000100"	23009	Dm	D	minor	D minor	D F A	3
"110010011010"	5	Gob9/C	G	diminished	G diminished	C D- F- G A- B-	6
"010001010101"	8	A9#5/C#	A	augmented	A augmented	C# E# G A B	5
"011011000100"	98	DmM9/C#	D	minor	D minor	C# D E F A	5
"000101001110"	6	*	F	other	F other	E- F A- A B-	5
"001001010101"	765	G9/D	G	major	G major	D F G A B	5
"100011100100"	38	Fmaj7/CaddF#	F	major	F major	C E F F# A	5
"010001100100"	127	F#mM7/C#	F#	minor	F# minor	C# E# F# A	4
"110001001100"	8	D-maj7/CaddA	D-	other	D- other	C D- F A- A	5
"000101000001"	294	*	F	other	F other	E- F C-	3
"101110110100"	54	D7/CaddG,E,E-	D	major	D major	C D E- E F# G A	7
"010000101011"	8	F#/C#addG#,B	F#	major	F# major	C# F# G# A# B	5
"101010100101"	28	Bm7/CaddE	B	minor	B minor	C D E F# A B	6
"000101000100"	5109	*	F	major	F major	E- F A	3
"010010010001"	1005	C#/o7	C#	diminished	C# diminished	C# E G B	4
"001001001101"	219	Bo7/DaddA	B	diminished	B diminished	D F A- A B	5
"100011011000"	23	FmM9/C	F	minor	F minor	C E F G A-	5
"011001100011"	7	Bdim/C#addA#,F#	B	other	B other	C# D F F# A# B	6
"110100011010"	15	A-M11/C	A-	major	A- major	C D- E- G A- B-	6
"010001001000"	4691	C#	C#	major	C# major	C# E# G#	3
"010010000101"	1786	A/C#addB	A	major	A major	C# E A B	4
"001101100000"	11	*	D	other	D other	D D# F F#	4
"101001010110"	44	Gm11/C	G	minor	G minor	C D F G A B-	6
"010011000010"	359	A#dim/C#addE#	A#	other	A# other	C# E E# A#	4
"000101101000"	27	*	F	minor	F minor	E- F G- A-	4
"001010000100"	4841	Dsus2	D	other	D other	D E A	3
"000101001011"	17	F/o7/C-addB-	F	diminished	F diminished	E- F A- B- C-	5
"011011000010"	30	B-/C#addE	B-	major	B- major	C# D E F B-	5
"010010010100"	20063	A7/C#	A	major	A major	C# E G A	4
"010101001101"	8	A+M9/C#addD#	A	augmented	A augmented	C# D# E# G# A B	6
"001011001101"	21	Bo7/DaddA,E	B	diminished	B diminished	D E F A- A B	6
"100100000101"	73	Adim/CaddB	A	diminished	A diminished	C E- A B	4
"001010011000"	21	*	E	other	E other	D E G G#	4
"100111000000"	45	Fpower/CaddE,E-	F	other	F other	C E- E F	4
"101001101000"	6	D/o7/CaddF#	D	other	D other	C D F F# A-	5
"001011000110"	21	B-maj7/DaddE	B-	major	B- major	D E F A B-	5
"001000011100"	8	DsusaddG#	G	other	G other	D G G# A	4
"100101100100"	237	F7/CaddG-	F	major	F major	C E- F G- A	5
"101100000010"	468	Cm9	C	minor	C minor	C D E- B-	4
"000011101001"	5	EaddF,F#	E	major	E major	E F F# G# B	5
"000101110000"	20	*	E-	other	E- other	E- F G- G	4
"101010010010"	489	C9	C	major	C major	C D E G B-	5
"001010010011"	36	E/o7/DaddB	E	other	E other	D E G B- B	5
"100010101100"	5	F#/o9/C	F#	diminished	F# diminished	C E F# G# A	5
"100000001000"	9114	*	A-	major	A- major	C A-	2
"100001010011"	5	*	G	other	G other	C F G B- B	5
"110100100000"	34	CdimaddD-	C	diminished	C diminished	C D- E- G-	4
"000010101010"	24	F#9/E	F#	major	F# major	E F# G# A#	4
"000100110110"	25	E-maddG,A	E-	other	E- other	E- G- G A B-	5
"000001001110"	61	B-power/FaddA,A-	B-	other	B- other	F A- A B-	4
"000001110010"	14	*	G-	major	G- major	F G- G B-	4
"111001011101"	6	Gdom7dim5/CaddA,A-,D	G	other	G other	C D- D F G A- A B	8
"011010100001"	101	Bm/C#addE	B	minor	B minor	C# D E F# B	5
"001010011001"	53	Em7/DaddG#	E	other	E other	D E G G# B	5
"110010000110"	5	B-dim/CaddA	B-	diminished	B- diminished	C D- F- A B-	5
"100001010000"	4318	Csus	F	other	F other	C F G	3
"001000010111"	12	Gm/DaddA,B	G	other	G other	D G A B- B	5
"101111000010"	19	B-/CaddE,E-	B-	major	B- major	C D E- E F B-	6
"001000001011"	49	*	G#	other	G# other	D G# B- B	4
"101001110001"	10	G7/CaddF#	G	major	G major	C D F F# G B	6
"000011100001"	17	EpoweraddF,F#	E	other	E other	E F F# B	4
"000011110010"	5	EdimaddF,F#	E	diminished	E diminished	E F F# G B-	5
"011000100100"	2518	Dmaj7/C#	D	major	D major	C# D F# A	4
"010000010001"	900	*	C#	other	C# other	C# G B	3
"000101110101"	6	*	E-	other	E- other	E- F G- G A B	6
"000001010001"	5364	*	G	major	G major	F G B	3
"101000000110"	555	B-M9/C	B-	major	B- major	C D A B-	4
"001000010101"	3307	G/DaddA	G	major	G major	D G A B	4
"110001011111"	7	G/o11/CaddA,B	G	other	G other	C D- F G A- A B- B	8
"010010101011"	15	F#11/C#	F#	major	F# major	C# E F# G# A# B	6
"101000011001"	8	G/CaddA-	G	major	G major	C D G A- B	5
"010001000001"	921	*	C#	major	C# major	C# E# B	3
"110100101100"	20	A-7/CaddA,D-	A-	major	A- major	C D- E- G- A- A	6
"011001000001"	65	Bdim/C#	B	diminished	B diminished	C# D F B	4
"001011001100"	29	DdimaddA,E	D	other	D other	D E F A- A	5
"010011000011"	10	A#dim/C#addE#,B	A#	other	A# other	C# E E# A# B	5
"010000101101"	45	F#m/C#addG#,B	F#	minor	F# minor	C# F# G# A B	5
"000010011000"	167	*	E	other	E other	E G G#	3
"011000100101"	234	Bm9/C#	B	minor	B minor	C# D F# A B	5
"000001011011"	9	*	G	other	G other	F G A- B- B	5
"000010000010"	4973	*	A#	other	A# other	E A#	2
"000010100010"	1192	*	F#	major	F# major	E F# A#	3
"100101000010"	1127	*	C	minor	C minor	C E- F B-	4
"100101011000"	186	Fm9/C	F	minor	F minor	C E- F G A-	5
"001100010101"	5	E-+M7/DaddA	E-	augmented	E- augmented	D E- G A B	5
"101010010101"	56	Am11/C	A	minor	A minor	C D E G A B	6
"011010100000"	373	DM9/C#	D	major	D major	C# D E F#	4
"011001010001"	70	G7/C#	G	major	G major	C# D F G B	5
"001010010000"	6424	*	E	minor	E minor	D E G	3
"000001011000"	685	*	F	minor	F minor	F G A-	3
"001000010001"	62875	G/D	G	major	G major	D G B	3
"011001101001"	11	G#o7/C#addF#	G#	diminished	G# diminished	C# D F F# G# B	6
"100100010001"	468	CmM7	C	minor	C minor	C E- G B	4
"100110100101"	21	Ao9/CaddE	A	other	A other	C E- E G- A B	6
"000011000001"	356	EpoweraddF	E	other	E other	E F B	3
"000001000101"	1000	*	B	other	B other	F A B	3
"100001001001"	445	Fm/C-addC-	F	other	F other	C F A- C-	4
"011011110001"	5	C#/ob9addF,F#	C#	diminished	C# diminished	C# D E F F# G B	7
"110001010010"	11	G/o7/C	G	diminished	G diminished	C D- F G B-	5
"101000011010"	10	Gm/CaddA-	G	minor	G minor	C D G A- B-	5
"110000010101"	19	*	G	other	G other	C D- G A B	5
"100000001101"	57	AmM9/C	A	minor	A minor	C G# A B	4
"100001000101"	746	F/CaddB	F	major	F major	C F A B	4
"011000010010"	517	Gm/C#	G	minor	G minor	C# D G B-	4
"000100000101"	2205	*	A	other	A other	E- A B	3
"000100101010"	73	E-maddA-	E-	minor	E- minor	E- G- A- B-	4
"011011100010"	9	*	D	other	D other	C# D E F F# A#	6
"100100011000"	1227	A-maj7/C	A-	major	A- major	C E- G A-	4
"101101000001"	15	Bdim/CaddE-	B	diminished	B diminished	C D E- F B	5
"000101000010"	2515	E-sus2	E-	other	E- other	E- F B-	3
"010000010011"	34	*	A#	minor	A# minor	C# G A# B	4
"010000100110"	34	F#m/C#addA#	F#	other	F# other	C# F# A A#	4
"010011100001"	10	*	C#	other	C# other	C# E E# F# B	5
"010100010100"	169	Adom7dim5/C#	A	other	A other	C# E- G A	4
"100110110100"	8	Ao7/CaddG,E	A	other	A other	C E- E G- G A	6
"011010010100"	1738	A7/C#addD	A	major	A major	C# D E G A	5
"101101000100"	858	Dm7/CaddE-	D	minor	D minor	C D E- F A	5
"000001100001"	155	*	F	other	F other	F G- C-	3
"010010101010"	25	F#9/C#	F#	major	F# major	C# E F# G# A#	5
"000100100101"	5578	*	F#	minor	F# minor	E- F# A B	4
"001100101000"	39	*	G#	other	G# other	D D# F# G#	4
"011000000101"	346	Bm9/C#	B	minor	B minor	C# D A B	4
"100001100101"	7	F/CaddG-,B	F	major	F major	C F G- A B	5
"010001000110"	99	A+/C#addA#	A	augmented	A augmented	C# E# A A#	4
"000011010011"	7	EdimaddF,B	E	other	E other	E F G B- B	5
"110100000100"	39	Adim/CaddC#	A	other	A other	C C# E- A	4
"100010100101"	57	F#/o7/CaddB	F#	diminished	F# diminished	C E F# A B	5
"011100010010"	60	Gm/C#addD#	G	other	G other	C# D D# G B-	5
"000000010110"	1310	*	G	minor	G minor	G A B-	3
"110100010010"	170	Cm7addD-	C	minor	C minor	C D- E- G B-	5
"011010010010"	397	C#ob9	C#	diminished	C# diminished	C# D E G B-	5
"001001000101"	1472	B/o7/D	B	diminished	B diminished	D F A B	4
"010010110000"	185	C#dimaddF#	C#	diminished	C# diminished	C# E F# G	4
"101011010101"	25	CM13	C	major	C major	C D E F G A B	7
"010010100001"	306	*	C#	minor	C# minor	C# E F# B	4
"000001110110"	5	*	G-	major	G- major	F G- G A B-	5
"110001011101"	9	Gdom7dim5/CaddA,A-	G	other	G other	C D- F G A- A B	7
"001011010001"	833	Em7/DaddF	E	minor	E minor	D E F G B	5
"010011110100"	12	F#m7/C#addG,E#	F#	minor	F# minor	C# E E# F# G A	6
"101100011000"	45	A-maj7/CaddD	A-	major	A- major	C D E- G A-	5
"001010001100"	478	*	E	major	E major	D E G# A	4
"010011001100"	12	Amaj7/C#addE#	A	other	A other	C# E E# G# A	5
"010011010000"	130	C#dimaddE#	C#	other	C# other	C# E E# G	4
"001001000000"	32766	*	D	minor	D minor	D F	2
"100011010001"	108	Cmaj7addF	C	major	C major	C E F G B	5
"100100110000"	549	CdimaddG	C	other	C other	C E- G- G	4
"000101001001"	262	F/o7/C-	F	diminished	F diminished	E- F A- C-	4
"000110011010"	11	E-addF-,A-	E-	major	E- major	E- F- G A- B-	5
"101010110001"	19	CM9addF#	C	major	C major	C D E F# G B	6
"000111000100"	39	*	F	major	F major	E- E F A	4
"000110000010"	62	E-poweraddF-	E-	other	E- other	E- F- B-	3
"001010111001"	6	Em9/DaddG#	E	other	E other	D E F# G G# B	6
"000011000010"	836	*	E	other	E other	E F B-	3
"110000010000"	202	CpoweraddD-	C	other	C other	C D- G	3
"110000010010"	116	Gdim/C	G	diminished	G diminished	C D- G B-	4
"101001100000"	31	*	D	other	D other	C D F F#	4
"001010000101"	1299	*	B	minor	B minor	D E A B	4
"000010101001"	764	EaddF#	E	major	E major	E F# G# B	4
"000110100010"	36	E-maddF-	E-	minor	E- minor	E- F- G- B-	4
"010101001111"	6	A+M9/C#addA#,D#	A	augmented	A augmented	C# D# E# G# A A# B	7
"010000000100"	27119	*	A	major	A major	C# A	2
"000100111000"	10	A-power/E-addG,G-	A-	other	A- other	E- G- G A-	4
"100110000110"	11	Adim/CaddB-,E	A	other	A other	C E- E A B-	5
"001001011100"	14	DdimaddG,A	D	other	D other	D F G A- A	5
"100010011000"	177	A-+M7/C	A-	augmented	A- augmented	C E G A-	4
"101010001000"	105	C+addD	C	augmented	C augmented	C D E G#	4
"101100000001"	47	CmM9	C	minor	C minor	C D E- B	4
"101011000010"	43	B-/CaddE	B-	major	B- major	C D E F B-	5
"100001011010"	85	Fm/CaddG,B-	F	minor	F minor	C F G A- B-	5
"011000110100"	110	Dmaj7/C#addG	D	major	D major	C# D F# G A	5
"011000010100"	753	*	A	major	A major	C# D G A	4
"101011011000"	12	D/o9/CaddG	D	diminished	D diminished	C D E F G A-	6
"000000100001"	7220	Bpower/F#	B	other	B other	F# B	2
"101001100101"	22	B/ob9/CaddF#	B	other	B other	C D F F# A B	6
"000010010001"	16847	Em	E	minor	E minor	E G B	3
"100011000101"	53	Fmaj7/CaddB	F	major	F major	C E F A B	5
"000100000001"	5719	*	C-	major	C- major	E- C-	2
"001011010011"	9	E/ob9/DaddB	E	other	E other	D E F G B- B	6
"001001001001"	6621	G#o7/D	G#	diminished	G# diminished	D F G# B	4
"100010001101"	63	AmM9/C	A	minor	A minor	C E G# A B	5
"100000011000"	1216	*	A-	major	A- major	C G A-	3
"000110110000"	46	*	E-	other	E- other	E- E G- G	4
"000101010000"	1975	*	E-	major	E- major	E- F G	3
"001110010100"	6	*	E-	major	E- major	D E- E G A	5
"110000010100"	53	*	A	other	A other	C C# G A	4
"010101010010"	140	D#9/C#	D#	major	D# major	C# D# E# F## A#	5
"010101011010"	14	D#11/C#	D#	major	D# major	C# D# E# F## G# A#	6
"001010110010"	22	E/o9/D	E	diminished	E diminished	D E F# G B-	5
"010000001000"	2777	C#power	C#	other	C# other	C# G#	2
"000011010001"	598	EmaddF	E	minor	E minor	E F G B	4
"100100110110"	8	Aob9/CaddG	A	diminished	A diminished	C E- G- G A B-	6
"001101010100"	23	DmaddG,E-	D	minor	D minor	D E- F G A	5
"010010000011"	133	A#dim/C#addB	A#	diminished	A# diminished	C# E A# B	4
"010001101001"	59	C#7addF#	C#	major	C# major	C# E# F# G# B	5
"101100001010"	64	A-/CaddB-,D	A-	major	A- major	C D E- A- B-	5
"000100000011"	278	*	C-	major	C- major	E- B- C-	3
"101101000000"	611	*	D	minor	D minor	C D E- F	4
"001101100101"	6	*	E-	other	E- other	D E- F G- A B	6
"011000001011"	5	G#dim/C#addA#	G#	diminished	G# diminished	C# D G# A# B	5
"100100010010"	3464	Cm7	C	minor	C minor	C E- G B-	4
"100100101100"	82	A-7/CaddA	A-	major	A- major	C E- G- A- A	5
"101010100001"	14	Bm/CaddE	B	minor	B minor	C D E F# B	5
"000011001101"	15	*	F	other	F other	E F A- A B	5
"110000000110"	17	*	A	other	A other	C C# A A#	4
"000001000100"	33803	*	F	major	F major	F A	2
"111011010100"	6	D-+M7/CaddG,E,D	D-	augmented	D- augmented	C D- D E F G A	7
"010100010010"	4204	D#7/C#	D#	major	D# major	C# D# F## A#	4
"010000010100"	5466	*	A	major	A major	C# G A	3
"000010100000"	4951	*	F#	other	F# other	E F#	2
"000010100011"	70	*	F#	major	F# major	E F# A# B	4
"101011000110"	15	B-M9/CaddE	B-	major	B- major	C D E F A B-	6
"000010011010"	68	EdimaddG#	E	other	E other	E G G# B-	4
"100101001110"	6	Fm7/CaddA,B-	F	other	F other	C E- F A- A B-	6
"100101010001"	20	CmM7addF	C	minor	C minor	C E- F G B	5
"100001010010"	1292	*	G	minor	G minor	C F G B-	4
"011000001101"	77	G#dim/C#addA	G#	diminished	G# diminished	C# D G# A B	5
"010100001000"	544	C#sus2	C#	other	C# other	C# D# G#	3
"000001101010"	33	G-M9/F	G-	major	G- major	F G- A- B-	4
"011100100000"	7	*	D	major	D major	C# D D# F#	4
"000100011011"	12	E-addB,A-	E-	other	E- other	E- G A- B- B	5
"011011000000"	43	DmM9/C#	D	minor	D minor	C# D E F	4
"110101001101"	17	D-M9/C-addA,C-	D-	other	D- other	C D- E- F A- A C-	7
"100011010100"	510	FM9/C	F	major	F major	C E F G A	5
"110001010000"	46	*	D-	major	D- major	C D- F G	4
"010000110100"	545	F#m/C#addG	F#	minor	F# minor	C# F# G A	4
"100010110101"	23	F#/o11/C	F#	diminished	F# diminished	C E F# G A B	6
"110101000010"	13	B-m/CaddE-	B-	minor	B- minor	C D- E- F B-	5
"100001011001"	13	Fm/CaddG,B	F	minor	F minor	C F G A- B	5
"010010110011"	8	F#7/C#addG,B	F#	major	F# major	C# E F# G A# B	6
"010010100110"	19	F#m7/C#addA#	F#	other	F# other	C# E F# A A#	5
"010011000110"	11	A/C#addA#,E#	A	other	A other	C# E E# A A#	5
"000001110000"	33	*	G	other	G other	F F# G	3
"100011010101"	60	FM9/CaddB	F	major	F major	C E F G A B	6
"001100100110"	14	E-mM7/DaddA	E-	minor	E- minor	D E- G- A B-	5
"100011001001"	24	FmM7/CaddB	F	minor	F minor	C E F A- B	5
"101100110101"	14	Ao9/CaddG,D	A	diminished	A diminished	C D E- G- G A B	7
"111001001101"	16	*	B	other	B other	C D- D F A- A B	7
"010001011010"	27	A#m/C#addG,G#	A#	minor	A# minor	C# E# G G# A#	5
"011001000000"	337	*	D	minor	D minor	C# D F	3
"100100010101"	18	A/o9/C	A	diminished	A diminished	C E- G A B	5
"101110100100"	13	D7/CaddE,E-	D	major	D major	C D E- E F# A	6
"110001011000"	11	D-maj7/CaddG	D-	major	D- major	C D- F G A-	5
"001100110001"	5	*	E-	other	E- other	D E- G- G B	5
"000010110101"	138	EmaddA,F#	E	minor	E minor	E F# G A B	5
"101110000000"	5	*	C	other	C other	C D E- E	4
"010011100101"	6	F#m7/C#addE#,B	F#	minor	F# minor	C# E E# F# A B	6
"010000100100"	8191	F#m/C#	F#	minor	F# minor	C# F# A	3
"101100100000"	192	CdimaddD	C	diminished	C diminished	C D E- G-	4
"001001010011"	99	Gm7/DaddB	G	other	G other	D F G B- B	5
"011000101001"	20	G#/o7/C#	G#	diminished	G# diminished	C# D F# G# B	5
"010100000101"	50	B9/C#	B	major	B major	C# D# A B	4
"100000101010"	16	A-9/C	A-	major	A- major	C G- A- B-	4
"100110000000"	303	*	C	other	C other	C E- E	3
"000000100111"	6	Bpower/F#addA,A#	B	other	B other	F# A A# B	4
"010001010000"	433	*	C#	other	C# other	C# E# G	3
"100010010001"	2484	Cmaj7	C	major	C major	C E G B	4
"011110000100"	6	A/C#addD,D#	A	major	A major	C# D D# E A	5
"110101101101"	7	D-M11/C-addA,C-	D-	other	D- other	C D- E- F G- A- A C-	8
"001011001001"	297	Bo7/DaddE	B	diminished	B diminished	D E F A- B	5
"001000100000"	37763	*	D	major	D major	D F#	2
"000010000001"	12658	Epower	E	other	E other	E B	2
"010101000010"	206	A#m/C#addD#	A#	minor	A# minor	C# D# E# A#	4
"010001010110"	6	A7+/C#addA#	A	augmented	A augmented	C# E# G A A#	5
"110000100000"	120	*	C	other	C other	C D- G-	3
"010010000111"	5	A/C#addA#,B	A	major	A major	C# E A A# B	5
"101001100001"	17	Bdim/CaddF#	B	other	B other	C D F F# B	5
"100100100110"	263	Aob9/C	A	diminished	A diminished	C E- G- A B-	5
"100100100101"	185	Ao7/C-addC-	A	other	A other	C E- G- A C-	5
"000001101100"	11	*	F	other	F other	F F# A- A	4
"011000110000"	87	*	D	major	D major	C# D F# G	4
"000101000101"	146	*	F	major	F major	E- F A B	4
"101011010000"	521	CaddF,D	C	major	C major	C D E F G	5
"011000010001"	662	G/C#	G	major	G major	C# D G B	4
"000111100101"	11	C-susaddA,F,E-	F-	other	F- other	E- F- F G- A C-	6
"001001100010"	91	G-+M7/D	G-	augmented	G- augmented	D F G- B-	4
"100100101000"	1727	A-7/C	A-	major	A- major	C E- G- A-	4
"010101100010"	12	D#m9/C#	D#	minor	D# minor	C# D# E# F# A#	5
"001011001000"	84	*	D	other	D other	D F- F A-	4
"000001001010"	5967	B-power/FaddA-	B-	other	B- other	F A- B-	3
"010010000001"	2191	*	C#	minor	C# minor	C# E B	3
"010011011101"	10	A9/C#addE#,G#	A	other	A other	C# E E# G G# A B	7
"010100100011"	7	BM9/C#	B	major	B major	C# D# F# A# B	5
"110101011101"	21	CmM7addA,F,D-,A-	C	minor	C minor	C D- E- F G A- A B	8
"100000110110"	15	F#dim/CaddG,B-	F#	diminished	F# diminished	C F# G A B-	5
"010001000101"	60	F+/C#addB	F	augmented	F augmented	C# F A B	4
"001000111100"	8	DaddG,G#	D	major	D major	D F# G G# A	5
"011011001001"	24	C#m7addF,D	C#	minor	C# minor	C# D E F G# B	6
"010001010001"	105	C#dom7dim5	C#	other	C# other	C# E# G B	4
"100000101100"	51	*	F#	other	F# other	C F# A- A	4
"111001111101"	5	Gdom7dim5/CaddA,A-,F#,D	G	other	G other	C D- D F F# G A- A B	9
"101100100010"	7	C/o9	C	diminished	C diminished	C D E- G- B-	5
"000010000100"	21067	Apower/E	A	other	A other	E A	2
"111000000001"	6	*	B	minor	B minor	C C# D B	4
"010010010101"	706	A9/C#	A	major	A major	C# E G A B	5
"001101000001"	91	Bdim/DaddD#	B	other	B other	D D# F B	4
"100001001101"	23	Fm/CaddA,B	F	other	F other	C F A- A B	5
"001101000010"	1699	B-/DaddE-	B-	major	B- major	D E- F B-	4
"010000100010"	4214	F#/C#	F#	major	F# major	C# F# A#	3
"010010110001"	58	C#/o7addF#	C#	diminished	C# diminished	C# E F# G B	5
"001101100010"	13	E-mM9/D	E-	minor	E- minor	D E- F G- B-	5
"100001001100"	298	Fm/CaddA	F	other	F other	C F A- A	4
"010001101000"	107	C#addF#	C#	major	C# major	C# E# F# G#	4
"101100100110"	60	Aob9/CaddD	A	diminished	A diminished	C D E- G- A B-	6
"000000111001"	22	*	G	major	G major	F# G G# B	4
"100100110100"	357	Ao7/CaddG	A	diminished	A diminished	C E- G- G A	5
"000100001110"	6	E-susaddA	A-	other	A- other	E- A- A B-	4
"000011010100"	435	FM9/E	F	major	F major	E F G A	4
"001001101001"	136	Bo7/DaddF#	B	other	B other	D F F# A- B	5
"010100010000"	1562	*	C#	other	C# other	C# E- G	3
"111001001000"	8	D-maj7/CaddD	D-	major	D- major	C D- D F A-	5
"111100000000"	5	*	C	minor	C minor	C D- D E-	4
"101100000000"	1120	*	C	minor	C minor	C D E-	3
"000101100110"	20	E-maddA,F	E-	minor	E- minor	E- F G- A B-	5
"100010011010"	106	A-+M9/C	A-	augmented	A- augmented	C E G A- B-	5
"000011001100"	43	*	F	major	F major	E F G# A	4
"001001100101"	82	B/o7/DaddF#	B	other	B other	D F F# A B	5
"001110010010"	24	E-maj7/DaddE	E-	major	E- major	D E- E G B-	5
"100000110001"	77	*	G	major	G major	C F# G B	4
"100101001101"	7	Fm7/CaddA,B	F	other	F other	C E- F A- A B	6
"010000000000"	22844	C#pedal	C#	other	C# other	C#	1
"010000000101"	1346	*	A	major	A major	C# A B	3
"100100000100"	6885	Adim/C	A	diminished	A diminished	C E- A	3
"100001011000"	777	Fm/CaddG	F	minor	F minor	C F G A-	4
"000000010011"	219	*	G	other	G other	G B- B	3
"110101000000"	38	D-M9/C	D-	major	D- major	C D- E- F	4
"010011001001"	14	C#m7addE#	C#	other	C# other	C# E E# G# B	5
"000011000110"	75	*	F	major	F major	E F A B-	4
"000001000001"	4959	*	B	other	B other	F B	2
"101010100100"	742	D9/C	D	major	D major	C D E F# A	5
"001101010001"	201	E-+M9/D	E-	augmented	E- augmented	D E- F G B	5
"010011001000"	41	C#maddE#	C#	other	C# other	C# E E# G#	4
"110001011010"	8	G/o11/C	G	diminished	G diminished	C D- F G A- B-	6
"000100000111"	17	*	A	other	A other	E- A B- B	4
"100001100000"	120	Fpower/CaddG-	F	other	F other	C F G-	3
"010001101010"	6	F#M9/C#	F#	major	F# major	C# E# F# G# A#	5
"011000100010"	163	D+M7/C#	D	augmented	D augmented	C# D F# A#	4
"011110100000"	5	DM9/C#addD#,omitA	D	major	D major	C# D D# E F#	5
"101100000100"	401	Adim/CaddD	A	diminished	A diminished	C D E- A	4
"001000110100"	2459	DaddG	D	major	D major	D F# G A	4
"110010000001"	5	*	C	major	C major	C C# E B	4
"000011010101"	57	EmaddA,F	E	minor	E minor	E F G A B	5
"101011000001"	87	Bdim/CaddE	B	diminished	B diminished	C D E F B	5
"010011011111"	20	A9/C#addA#,E#,G#	A	other	A other	C# E E# G G# A A# B	8
"001001000111"	14	B-maj7/DaddB	B-	major	B- major	D F A B- B	5
"100000011100"	11	*	A-	major	A- major	C G A- A	4
"000001100011"	11	*	G-	major	G- major	F G- B- C-	4
"000110010000"	235	*	E-	major	E- major	E- E G	3
"010100100000"	573	*	D#	minor	D# minor	C# D# F#	3
"110000000100"	170	*	A	other	A other	C C# A	3
"100001000100"	51127	F/C	F	major	F major	C F A	3
"100000011010"	190	A-M9/C	A-	major	A- major	C G A- B-	4
"000001010110"	484	Gm9/F	G	minor	G minor	F G A B-	4
"000110100100"	444	*	F#	minor	F# minor	E- E F# A	4
"100100000001"	392	*	C	minor	C minor	C E- C-	3
"000000011010"	737	*	G	minor	G minor	G A- B-	3
"101001101100"	5	D/o7/CaddA,F#	D	other	D other	C D F F# A- A	6
"010000101010"	121	F#/C#addG#	F#	major	F# major	C# F# G# A#	4
"011010110010"	5	D+M11/C#	D	augmented	D augmented	C# D E F# G A#	6
"000000001101"	963	*	G#	minor	G# minor	G# A B	3
"100000010111"	8	*	A	minor	A minor	C G A B- B	5
"100100001010"	626	A-/CaddB-	A-	major	A- major	C E- A- B-	4
"110101001010"	5	B-m11/C	B-	minor	B- minor	C D- E- F A- B-	6
"101011010010"	70	C11	C	major	C major	C D E F G B-	6
"000110101101"	49	F-M11/C-	F-	major	F- major	E- F- G- A- B-- C-	6
"001001101011"	5	B-7/DaddF#,B	B-	other	B- other	D F F# A- B- B	6
"101010010100"	362	Am7/CaddD	A	minor	A minor	C D E G A	5
"100100001100"	157	A-/CaddA	A-	major	A- major	C E- A- A	4
"111000010000"	29	CpoweraddD-,D	C	other	C other	C D- D G	4
"111001000100"	21	D-+M7/CaddD	D-	augmented	D- augmented	C D- D F A	5
"001100100000"	418	*	D	major	D major	D D# F#	3
"001101001110"	14	B-7/DaddA,E-	B-	major	B- major	D E- F A- A B-	6
"110000010001"	24	CpoweraddC#,B	C	other	C other	C C# G B	4
"110101001000"	36	D-M9/C	D-	major	D- major	C D- E- F A-	5
"101001100100"	102	Dm7/CaddF#	D	other	D other	C D F F# A	5
"001000100111"	20	B-+M7/DaddB	B-	augmented	B- augmented	D F# A B- B	5
"001110010001"	33	E-+M7/DaddE	E-	augmented	E- augmented	D E- E G B	5
"101001011001"	42	G7/CaddA-	G	major	G major	C D F G A- B	6
"110001010001"	13	Gdom7dim5/C	G	other	G other	C D- F G B	5
"010011100010"	28	F#7/C#addE#	F#	major	F# major	C# E E# F# A#	5
"000010001101"	803	EaddA	E	major	E major	E G# A B	4
"000010110100"	560	*	F#	minor	F# minor	E F# G A	4
"001110011010"	5	E-maj7/DaddG#,E	E-	other	E- other	D E- E G G# B-	6
